"nome","id","cidade","url","av","ap","pa","es","lat","long","nomeAux","endereco","localidade","cp","email","time","fone","recolhas"
"Intermarché Super Águeda","6743","Águeda","https://www.intermarche.pt/lojas/aveiro/07325-agueda/","True","False","True","False","40.551667","-8.444444","Intermarché Águeda","Rua do Alteiralto nº 81","Lugar da Borralha","3750-855 Borralha","geral.interagueda@gmail.com","Segunda a Domingo: 9h00 às 21h00 - ","234602930",FALSE
"Intermarché Super Albergaria-a-Velha","6997","Albergaria-a-Velha","https://www.intermarche.pt/lojas/aveiro/08236-albergaria-a-velha/","False","False","True","False","40.682211","-8.488817","Intermarché Albergaria-a-Velha","Vale da Grama","Alto do Assilhó","3850-226 Albergaria-A-Velha","interalbergaria@sapo.pt","Segunda a Domingo: 9h00 às 21h00 - ","234520270",FALSE
"Intermarché Super Arrifana","7637","Arrifana","https://www.intermarche.pt/lojas/aveiro/04373-arrifana/","True","False","True","False","40.91249","-8.49205","Intermarché Arrifana","Lugar do Outeiro, rua Aliança futebol club","Santa Maria da Feira","3700-414 Santa Maria da Feira","pdv04373@mousquetaires.com","Inverno: 09h00 às 20h30 - Verão: 09h00 às 21h00 - ","256200670",FALSE
"Intermarché Super Canedo","7638","Canedo","https://www.intermarche.pt/lojas/aveiro/06180-canedo/","True","False","True","False","41.006115","-8.466314","Intermarché Canedo","Rua principal - Lugar do Mosteiro","Santa Maria da Feira","4525-189 Santa Maria da Feira","pdv06180@mousquetaires.com","Segunda a Domingo: 8h30 às 21h00 - ","227637430",FALSE
"Intermarché Super Castelo Paiva","7639","Castelo Paiva","https://www.intermarche.pt/lojas/aveiro/06367-castelo-paiva/","True","False","True","False","41.04067","-8.271246","Intermarché Castelo Paiva","São Gião - Sobrado Apartado 12","Castelo Paiva","4550-103 Castelo Paiva","intercastelodepaiva@gmail.com","Segunda a Domingo: 8h30 às 20h30 - ","255690110",FALSE
"Intermarché Super Esmoriz","7640","Esmoriz","https://www.intermarche.pt/lojas/aveiro/08589-esmoriz/","True","True","True","False","40.962173","-8.610083","Intermarché Esmoriz","Lugar da Torre","Esmoriz","3885-462 Esmoriz","interesmoriz@sapo.pt","Todos os dias: 8h30 às 20h30 - ","256754565",FALSE
"Intermarché Super Estarreja","7641","Estarreja","https://www.intermarche.pt/lojas/aveiro/09063-estarreja/","True","False","True","True","40.760157","-8.571799","Intermarché Estarreja","Rua Desembargador Oliveira Pinto, nº20",NA,"3860-363 Estarreja","pdv09063@mousquetaires.com","8h30 às 20h30 - ","234844303",TRUE
"Intermarché Super Fajões","7642","Fajões","https://www.intermarche.pt/lojas/aveiro/06642-fajoes/","True","False","True","False","40.918135","-8.424352","Intermarché Fajões","Rua dos Bombeiros Voluntários - Lugar do Cruzeiro","Fajões","3700-672 Santa Maria da Feira","pdv06642@mousquetaires.com","Segunda a Sexta: 8h30 às 21h00 - Sábado e Domingo: 8h00 às 21h00 - ","256815010",FALSE
"Intermarché Contact Gafanha da Nazaré","7648","Gafanha da Nazaré","https://www.intermarche.pt/lojas/aveiro/07880-gafanha-da-nazare/","True","False","True","False","40.627155","-8.722162","Intermarché Gafanha da Nazaré","Rua Maria da Luz Rocha","Gafanha da Nazaré","3830-793 Gafanha da Nazaré","intergafanha@gmail.com","9h00 às 21h00 - Todos os dias (incluíndo feriados) - ","234397020",FALSE
"Intermarché Super Ilhavo","7643","Ilhavo","https://www.intermarche.pt/lojas/aveiro/04454-ilhavo/","True","False","True","False","40.58684","-8.679066","Intermarché Ilhavo","Quinta da Vista Alegre - São Salvador","Ilhavo","3830-309 Ilhavo","superilhavo@sapo.pt","9h00 às 20h30 (inverno) - 9h00 às 21h00 (Julho e Agosto) - ","234320110",FALSE
"Intermarché Super Mealhada","7644","Mealhada","https://www.intermarche.pt/lojas/aveiro/09478-mealhada/","True","False","True","True","40.365309","-8.45391","Intermarché Mealhada","Lugar das Pedrinhas","Mealhada","3050-343 Mealhada","pdv09478@mousquetaires.com","Domingo a Quinta: 8h30 às 20h30 - Sexta e Sábado: 8h00 às 21h00 - ","231209320",FALSE
"Intermarché Super Oliveira de Azemeis","7645","Oliveira de Azemeis","https://www.intermarche.pt/lojas/aveiro/08219-oliveira-de-azemeis/","True","False","True","True","40.860959","-8.484627","Intermarché Oliveira de Azemeis","Avenida Dª Maria I - Lugar de Aldas","Oliveira de Azemeis","3720-300 Oliveira de Azemeis","pdv08219@mousquetaires.com","Todos os dias: 8h30 às 20h30 - ","256665170",TRUE
"Intermarché Super Oliveira do Bairro","7646","Oliveira do Bairro","https://www.intermarche.pt/lojas/aveiro/02573-oliveira-do-bairro/","True","False","True","False","40.860959","-8.484627","Intermarché Oliveira do Bairro","Rua da Murta - Zona Industrial","Oliveira do Bairro","3770-222 Oliveira do Bairro","interbairro@sapo.pt","Segunda a Domingo: 8h30 às 20h30 - ","234730390",FALSE
"Intermarché Super Ovar","7647","Ovar","https://www.intermarche.pt/lojas/aveiro/76117-ovar/","True","False","True","False","40.8647","-8.608745","Intermarché Ovar","Rua Machado de Santos nº109/135 - S. João de Ovar","S.João - Ovar","3880-792 Ovar","pdv76117@mousquetaires.com","Segunda a Domingo: 8h00 às 22h00 - ","256585945",FALSE
"Intermarché Super Santa Maria de Lamas","7649","Santa Maria de Lamas","https://www.intermarche.pt/lojas/aveiro/03206-santa-maria-de-lamas/","True","False","True","False","40.979636","-8.575259","Intermarché Santa Maria de Lamas","Rua Santa Maria","Santa Maria de Lamas","4535-356 Santa Maria de Lamas","pdv03206@mousquetaires.com","Segunda a Domingo: 9h00 às 21h00 - ","227471470",FALSE
"Intermarché Contact Aljustrel","7651","Aljustrel","https://www.intermarche.pt/lojas/beja/07502-aljustrel/","True","False","True","False","37.884856","-8.151038","Intermarché Aljustrel","Ramal de Beja","Aljustrel","7600-073 Aljustrel","pdv07502@mousquetaires.com","Segunda a domingo: 9h00 às 20h00 - ","284602050",FALSE
"Intermarché Super Beja","7650","Beja","https://www.intermarche.pt/lojas/beja/03265-beja/","True","False","True","False","38.004784","-7.866695","Intermarché Beja","Av. Fialho de Almeida nº78","Beja","7800-395 Beja","superbeja@gmail.com","Segunda a domingo: 9h00 às 21h00 - ","284312150",FALSE
"Intermarché Contact Castro Verde - Estrada Serrana","7653","Castro Verde - Estrada Serrana","https://www.intermarche.pt/lojas/beja/08046-castro-verde-estrada-serrana/","True","False","True","False","37.706617","-8.084919","Intermarché Castro Verde - Estrada Serrana","Estrada Serrana","Castro Verde","7780-000 Castro Verde","pdv08046@mousquetaires.com","Segunda a domingo: 9h00 às 20h00 - ","286327215",FALSE
"Intermarché Super Castro Verde - Farjais de Castro","7652","Castro Verde - Farjais de Castro","https://www.intermarche.pt/lojas/beja/08047-castro-verde-rua-nova-da-feira/","False","True","False","False","37.694528","-8.089231","Intermarché Castro Verde - Farjais de Castro","Rua Nova da Feira - Farjais de Castro","Castro Verde","7780-201 Castro Verde","pdv08047@mousquetaires.com","Segunda a domingo: 9h00 às 20h00 - ","286320030",FALSE
"Intermarché Contact Cuba","68058","Cuba","https://www.intermarche.pt/lojas/beja/09788-cuba/","False","False","True","False","38.171108","-7.894547","Intermarché Cuba","Estrada Nacional 258-1 Edifício Intermarché",NA,"7940-148 Cuba","pdv09788@mousquetaires.com","Segunda a Domingo: 8h00 às 21h00 - ",NA,FALSE
"Intermarché Contact Ferreira do Alentejo","7654","Ferreira do Alentejo","https://www.intermarche.pt/lojas/beja/06594-ferreira-do-alentejo/","False","False","False","False","38.062061","-8.1187","Intermarché Ferreira do Alentejo","Rua 1º de Maio","Ferreira do Alentejo","7900-573 Ferreira do Alentejo","sodialentejo@sapo.pt","Todos os dias: 9h00 às 20h00 - ","284739842",FALSE
"Intermarché Super Moura","7655","Moura","https://www.intermarche.pt/lojas/beja/08202-moura/","True","True","True","False","38.139815","-7.459795","Intermarché Moura","Avenida dos Bombeiros Voluntários","Moura","7860-107 Moura","pdv08202@mousquetaires.com","Todos os dias: 9h00 às 20h00 - ","285251147",FALSE
"Intermarché Contact Odemira","7656","Odemira","https://www.intermarche.pt/lojas/beja/07486-odemira/","True","True","True","False","37.59969","-8.631089","Intermarché Odemira","Vale Passos","Odemira","7630-112 Odemira","intermarcheodemira@hotmail.com","Segunda a Domingo: 9h00 às 20h00 - ","283320180",FALSE
"Intermarché Super S. Teotónio","7657","S. Teotónio","https://www.intermarche.pt/lojas/beja/05934-s-teotonio/","False","False","False","False","37.509815","-8.715071","Intermarché S. Teotónio","Loteamento da Bemposta lote 6","S. Teotónio","7630-614 Odemira","intermarche.saoteotonio@hotmail.com","Inverno: 9h00 às 20h00 - Verão: 9h00 às 20h30 - ","283958103",FALSE
"Intermarché Super Serpa","7658","Serpa","https://www.intermarche.pt/lojas/beja/07366-serpa/","True","False","True","False","37.938951","-7.604335","Intermarché Serpa","Hortinha","Serpa","7830-389 Serpa","geralinterserpa@gmail.com","Segunda a Domingo: 9h00 às 20h00 - ","284540520",FALSE
"Intermarché Super Amares","7659","Amares","https://www.intermarche.pt/lojas/braga/04599-amares/","True","False","True","False","41.625975","-8.360204","Intermarché Amares","Quinta do paço - Bornaria","Amares","4720-333 Amares","pdv04599@mousquetaires.com","Segunda a Domingo: 9h00 às 20h30 - ","253909090",FALSE
"Intermarché Super Barcelos","50053","Barcelos","https://www.intermarche.pt/lojas/braga/09472-barcelos/","True","True","True","True","41.547126","-8.621891","Intermarché Barcelos","Rua do Faial 792, Vila Boa","Barcelos","4750-783 Barcelos","pdv09472@mousquetaires.com","Segunda a Domingo: 9h00 às 21h00 - ","253144810",FALSE
"Intermarché Super Braga","7660","Braga","https://www.intermarche.pt/lojas/braga/04634-braga/","True","False","True","False","41.535917","-8.430167","Intermarché Braga","Rua da Mouta - Lomar","Braga","4705-180 Braga","pdv04634@mousquetaires.com","Segunda a domingo: 9h00 às 21h00 - ","253617663",FALSE
"Intermarché Super Caldas Taipas","7661","Caldas Taipas","https://www.intermarche.pt/lojas/braga/01540-caldas-taipas/","True","True","True","True","41.4868","-8.3509","Intermarché Caldas Taipas","Rua da Banda da música - apartado 4108","Caldas Taipas","4800-091 Guimarães","soditaipas@gmail.com","Todos os dias: 9h00 às 21h00 - ","253479470",FALSE
"Intermarché Super Fafe","7662","Fafe","https://www.intermarche.pt/lojas/braga/76126-fafe/","True","False","True","True","41.445028","-8.167889","Intermarché Fafe","Bouça de Cavadas","Fafe","4820-099 Fafe","intermarche@intermarchedefafe.com","Segunda a Domingo: 8h30 às 21h00 - ","253590808",FALSE
"Intermarché Super Guimarães - Rua da Eira","7664","Guimarães - Rua da Eira","https://www.intermarche.pt/lojas/braga/02600-guimaraes-rua-da-eira/","True","False","True","False","41.455159","-8.275779","Intermarché Guimarães - Rua da Eira","Rua da Eira nº85","Guimarães","4810-007 Guimarães","intermarcheguimaraes@gmail.com","Segunda a domingo: 8h30 às 21h00 - ","253439030",FALSE
"Intermarché Super Guimarães - Rua Pinheiro Manso","7663","Guimarães - Rua Pinheiro Manso","https://www.intermarche.pt/lojas/braga/06427-guimaraes-rua-pinheiro-manso/","False","False","True","True","41.424914","-8.299929","Intermarché Guimarães - Rua Pinheiro Manso","Rua Pinheiro Manso nº 443","Guimarães","4810-107 Guimarães","pdv06427@mousquetaires.com","Segunda a Domingo: 9h00 às 21h00 - ","253520010",FALSE
"Intermarché Super Póvoa De Lanhoso","7665","Póvoa De Lanhoso","https://www.intermarche.pt/lojas/braga/01543-povoa-de-lanhoso/","True","False","True","True","41.573119","-8.262733","Intermarché Póvoa De Lanhoso","Lugar Ponte dos Pereiros","Póvoa De Lanhoso","4830-508 Póvoa De Lanhoso","pdv01543@mousquetaires.com","Segunda a Domingo: 9h00 às 20h30 - ","253634664",FALSE
"Intermarché Contact Terras de Bouro","7669","Terras de Bouro","https://www.intermarche.pt/lojas/braga/06754-terras-de-bouro/","False","False","False","True","41.717467","-8.305701","Intermarché Terras de Bouro","Rua Dr.Francisco Xavier Araújo Nº 136","Terras de Bouro","4840-100 Terras de Bouro","pdv06754@mousquetaires.com","Segunda a Domingo: 9h00 às 20h00 - ","253359000",TRUE
"Intermarché Contact Vila de Prado","14009","Vila de Prado","https://www.intermarche.pt/lojas/braga/08048-vila-de-prado/","True","True","True","True","41.604788","-8.467077","Intermarché Vila de Prado","Quinta dos Loureiros - Lugar do Outeiro","Vila de Prado - Vila Verde","4730-548 Vila de Prado - Vila Verde","pdv08048@mousquetaires.com","Segunda a Domingo: 9h00 às 21h00 - ","253929080",FALSE
"Intermarché Super Vila Nova de Famalicão","7666","Vila Nova de Famalicão","https://www.intermarche.pt/lojas/braga/07290-vila-nova-de-famalicao/","True","False","True","True","41.398475","-8.534328","Intermarché Vila Nova de Famalicão","Rua de S. Julião nº831","Calendário","4760-384 Vila Nova de Famalicão","pdv07290@mousquetaires.com","Segunda a domingo: 9h00 às 20h00 - ","252312660",FALSE
"Intermarché Super Vila Verde","7667","Vila Verde","https://www.intermarche.pt/lojas/braga/02591-vila-verde/","True","False","True","False","41.657956","-8.430766","Intermarché Vila Verde","Estrada Nacional nº101- Lugar de Souto - Gême","Vila Verde","4730-180 Vila Verde","itmvilaverde@distriverde.pt","Segunda a Sexta: 8h30 às 20h30 - Sábado e Domingo: 8h00 às 20h30 - ","253310280",FALSE
"Intermarché Super Vizela","7668","Vizela","https://www.intermarche.pt/lojas/braga/09062-vizela/","True","False","True","True","41.36423","-8.30311","Intermarché Vizela","Rua Soutos dos Milagres","Santa Eulália de Vizela","4620-574 Vizela","pdv09062@mousquetaires.com","Segunda a Domingo: 9h00 às 21h00 - ","253584234",TRUE
"Intermarché Super Bragança","8082","Bragança","https://www.intermarche.pt/lojas/braganca/10005-braganca/","False","False","False","False","41.810584","-6.761956","Intermarché Bragança","Lugar de Vale de Álvaro","Bragança","5300-274 Bragança","pdv10005@mousquetaires.com","Segunda a Domingo: 8h00 às 20h00 - ","273332147",FALSE
"Intermarché Contact Macedo de Cavaleiros -  Ilha do Sal","8086","Macedo de Cavaleiros -  Ilha do Sal","https://www.intermarche.pt/lojas/braganca/08419-macedo-de-cavaleiros-ilha-do-sal/","False","False","False","False","41.54218","-6.962513","Intermarché Macedo de Cavaleiros -  Ilha do Sal","Avenida Ilha do Sal Nº 14 A","Macedo de Cavaleiros","5340-194 Macedo de Cavaleiros","pdv08419@mousquetaires.com","Segunda a domingo: 8h30 às 21h00 - ","278 420 070",FALSE
"Intermarché Super Macedo de Cavaleiros - Lugar do Prado","8081","Macedo de Cavaleiros - Lugar do Prado","https://www.intermarche.pt/lojas/braganca/08418-macedo-de-cavaleiros-lugar-do-prado/","True","False","True","False","41.532283","-6.95159","Intermarché Macedo de Cavaleiros - Lugar do Prado","Lugar do Prado","Macedo de Cavaleiros","5340-211 Macedo de Cavaleiros","pdv08418@mousquetaires.com","Segunda a domingo: 9h00 às 20h00 - ","278 425 223",FALSE
"Intermarché Contact Miranda do Douro","69411","Miranda do Douro","https://www.intermarche.pt/lojas/braganca/09821-miranda-do-douro/","False","False","True","True","41.5049821","-6.2854389","Intermarché Miranda do Douro","Estrada Nacional 218","Lugar do Choupo","5210-206 Miranda do Douro","pdv09821@mousquetaires.com","Segunda a domingo: 8h30 às 21h00 - ",NA,FALSE
"Intermarché Super Mirandela","8083","Mirandela","https://www.intermarche.pt/lojas/braganca/06196-mirandela/","True","False","True","True","41.483155","-7.195104","Intermarché Mirandela","Lugar Vale de Cerdeira","Mirandela","5370-562 Mirandela","pdv06196@mousquetaires.com","Segunda a domingo: 9h00 às 21h00 - ","278260030",TRUE
"Intermarché Super Mogadouro","8084","Mogadouro","https://www.intermarche.pt/lojas/braganca/07541-mogadouro/","False","False","False","False","41.337913","-6.710694","Intermarché Mogadouro","Av. Calouste Gulbenkian","Mogadouro","5200-202 Mogadouro","pdv07541@mousquetaires.com","Segunda a domingo: 9h00 às 20h00 (verão) - Segunda a domingo: 9h00 às 13h00 e das 14h30 às 20h00 (verão) - ","279340400",FALSE
"Intermarché Contact Vila Flor","8085","Vila Flor","https://www.intermarche.pt/lojas/braganca/05285-vila-flor/","True","False","True","False","41.309881","-7.162241","Intermarché Vila Flor","Lugar dos Caseirões","Vila Flor","5360-305 Vila Flor","pdv05285@mousquetaires.com","Inverno: 9h00 às 19h30 - Verão: 9h00 às 20h00 - ","278510030",FALSE
"Intermarché Contact Alcains","8087","Alcains","https://www.intermarche.pt/lojas/castelo-branco/08342-alcains/","True","False","True","False","39.91554","-7.465176","Intermarché Alcains","Estrada de S. Domingos","Alcains","6005-010 Castelo Branco","pdv08342@mousquetaires.com","Segunda a Domingo: 9h00 às 20h00 - ","272906695",FALSE
"Intermarché Contact Belmonte","8088","Belmonte","https://www.intermarche.pt/lojas/castelo-branco/01745-belmonte/","True","False","True","False","40.361993","-7.342983","Intermarché Belmonte","Varanda de Pilatos","Belmonte","6520-020 Belmonte","interbelmonte@sapo.pt","Segunda a domingo: 9h00 às 20h30 (setembro a junho) - Segunda a domingo: 9h00 às 21h00 (julho e agosto) - ","275910150",FALSE
"Intermarché Super Castelo Branco","8092","Castelo Branco","https://www.intermarche.pt/lojas/castelo-branco/08225-castelo-branco/","True","False","True","False","39.808893","-7.52436","Intermarché Castelo Branco","Zona Industrial de Castelo Branco, Lote P6C","Castelo Branco","6000-997 Castelo Branco","pdv08225@mousquetaires.com","Segunda a Domingo: 9h00 às 20h00 - ","272340760",FALSE
"Intermarché Super Covilhã","8093","Covilhã","https://www.intermarche.pt/lojas/castelo-branco/04056-covilha/","True","False","True","False","40.270309","-7.493759","Intermarché Covilhã","Av. Infante D. Henrique Edificio Intermarché","Covilhã","6200-506 Covilhã","pdv04056@mousquetaires.com","Segunda a Sábado: 8h30 às 20h30 - Domingo: 9h00 às 20h30 - ","275329220",FALSE
"Intermarché Super Fundão","8094","Fundão","https://www.intermarche.pt/lojas/castelo-branco/09053-fundao/","True","False","True","False","40.152237","-7.497673","Intermarché Fundão","Rua da Cidade da Covilhã - Vale de Canas, São Marcos",NA,"6230-481 Fundão","pdv09053@mousquetaires.com","Segunda a Domingo: 8h30 às 20h30 - ","275 247 014",FALSE
"Intermarché Contact Idanha a Nova","8089","Idanha a Nova","https://www.intermarche.pt/lojas/castelo-branco/04280-idanha-a-nova/","True","True","True","False","39.930562","-7.240746","Intermarché Idanha a Nova","Zona Nova de Expansão","Idanha a Nova","6060-101 Idanha a Nova","pdv04280@mousquetaires.com","Segunda a Domingo: 9h00 às 20h00 - ","277202590",FALSE
"Intermarché Contact Proença a Nova","8090","Proença a Nova","https://www.intermarche.pt/lojas/castelo-branco/05440-proenca-a-nova/","True","False","True","True","39.751143","-7.917601","Intermarché Proença a Nova","Lugar de São Bartolomeu","Proença a Nova","6150-503 Proença a Nova","ecoproenca@sapo.pt","Segunda a Domingo: 9h00 às 20h00 - ","274670070",TRUE
"Intermarché Super Sertã","8095","Sertã","https://www.intermarche.pt/lojas/castelo-branco/03034-serta/","True","False","True","False","39.812193","-8.107802","Intermarché Sertã","São João de Couto","Sertã","6100 Sertã","pdv03034@mousquetaires.com","Segunda a Domingo: 9h00 às 20h00 - ","274604021",FALSE
"Intermarché Super Arganil","8098","Arganil","https://www.intermarche.pt/lojas/coimbra/08594-arganil/","True","True","True","False","40.218748","-8.056671","Intermarché Arganil","Bairro do Prazo, Apartado 81","Arganil","3300-017 Arganil","pdv08594@mousquetaires.com","Inverno: 9h00 às 20h00 - Verão: 9h00 às 20h30 - ","235205262",FALSE
"Intermarché Super Cantanhede","8099","Cantanhede","https://www.intermarche.pt/lojas/coimbra/76102-cantanhede/","True","False","True","True","40.35058","-8.587221","Intermarché Cantanhede","Lugar do Freixial","Cantanhede","3060-228 Cantanhede","pdv76102@mousquetaires.com","Segunda a Domingo: 9h00 às 21h00 - ","231410740",FALSE
"Intermarché Super Condeixa-a-Nova","8100","Condeixa-a-Nova","https://www.intermarche.pt/lojas/coimbra/07082-condeixa-a-nova/","True","False","True","True","40.122825","-8.502475","Intermarché Condeixa-a-Nova","Lugar da Barreira","Condeixa-a-Nova","3150-110 Condeixa-a-Nova","intercondeixa@gmail.com","Segunda a Domingo: 9h00 às 21h00 - ","239940010",FALSE
"Intermarché Super Figueira Da Foz","8101","Figueira Da Foz","https://www.intermarche.pt/lojas/coimbra/02029-figueira-da-foz/","True","False","True","False","40.166953","-8.836309","Intermarché Figueira Da Foz","Estrada nacional 109 Chã - Tavarede","Figueira Da Foz","3080-847 Figueira Da Foz","pdv02029@mousquetaires.com","Segunda a domingo: 9h30 às 20h30 - ","233424013",FALSE
"Intermarché Contact Lavos","8122","Lavos","https://www.intermarche.pt/lojas/coimbra/06943-lavos/","True","False","True","False","40.084828","-8.824868","Intermarché Lavos","Rua das Flopres Bairro Alto - Santa Luzia","Lavos","3090-452 Figueira da Foz","interlavos@sapo.pt","Segunda a domingo: 9h30 às 20h00 - ","233900570",FALSE
"Intermarché Super Lousã","8102","Lousã","https://www.intermarche.pt/lojas/coimbra/76123-lousa/","True","False","True","False","40.115111","-8.245061","Intermarché Lousã","Av. Dr José Cardoso - Quinta de S.Pedro","Lousã","3200-002 Lousã","pdv76123@mousquetaires.com","8h30 às 20h30 (inverno) - 8h30 às 21h00 (verão) - ","969 289 886",FALSE
"Intermarché Super Mira","8103","Mira","https://www.intermarche.pt/lojas/coimbra/03024-mira/","True","True","True","False","40.426487","-8.730882","Intermarché Mira","Rua Fernandes Costa","Mira","3070-323 Mira","distriproenca@sapo.pt","Segunda a domingo: 8h30 às 20h30 - ","231489020",FALSE
"Intermarché Super Miranda do Corvo","8104","Miranda do Corvo","https://www.intermarche.pt/lojas/coimbra/05991-miranda-do-corvo/","True","False","True","False","40.086227","-8.322522","Intermarché Miranda do Corvo","Quinta de São Pedro - Meãs","Miranda do Corvo","3220-265 Miranda do Corvo","pdv05991@mousquetaires.com","8h30 às 21h00 - ","969289887",FALSE
"Intermarché Super Montemor O Velho","8105","Montemor O Velho","https://www.intermarche.pt/lojas/coimbra/76120-montemor-o-velho/","True","False","True","True","40.184283","-8.671881","Intermarché Montemor O Velho","Vinha da Parreira lote 3","Montemor O Velho","3140-249 Montemor O Velho","montesodi.m.o.v@sapo.pt","Todos os dias: 8h30 às 20h30 - ","239680390",FALSE
"Intermarché Super Oliveira do Hospital","8106","Oliveira do Hospital","https://www.intermarche.pt/lojas/coimbra/07903-oliveira-do-hospital/","True","True","True","True","40.355133","-7.851896","Intermarché Oliveira do Hospital","Rua Comendador Manuel Rodrigues Lagos","Oliveira do Hospital","3400-093 Oliveira do Hospital","pdv07903@mousquetaires.com","Segunda a Domingo: 9h00 às 20h00 - ","238609735",TRUE
"Intermarché Super Santa Clara","8109","Santa Clara","https://www.intermarche.pt/lojas/coimbra/07916-santa-clara/","True","False","True","False","40.197018","-8.444878","Intermarché Santa Clara","Rua Central de Mesura Nº 35","Santa Clara","3040-197 Coimbra","pdv07916@mousquetaires.com","Segunda a Sábado: 9h00 às 21h00 - Domingo: 9h00 às 20h00 - ","239448180",FALSE
"Intermarché Super Soure","8107","Soure","https://www.intermarche.pt/lojas/coimbra/06301-soure/","True","True","True","False","40.063383","-8.618812","Intermarché Soure","Lugar de Olivais de Santo António","Soure","3130-200 Soure","pdv06301@mousquetaires.com","Segunda a Domingo: 9h00 às 20h00 - ","239501810",FALSE
"Intermarché Super Tábua","8108","Tábua","https://www.intermarche.pt/lojas/coimbra/01314-tabua/","True","True","True","False","40.363691","-8.024631","Intermarché Tábua","Cova do Barro","Tábua","3420-427 Tábua","pdv01314@mousquetaires.com","9h00 - 20h30 (inverno) - julho e agosto 9h00 às 21h00 - ","235413084",FALSE
"Intermarché Super Taveiro","56394","Taveiro","https://www.intermarche.pt/lojas/coimbra/09612-taveiro/","False","False","False","True","40.1921568","-8.5094852","Intermarché Taveiro","Mondego Retail Park, Rua da Ribeira das Eiras","Taveiro","3045-504 Taveiro","pdv09612@mousquetaires.com","Segunda a domingo: 9h00 às 21h00 - ","239246450",FALSE
"Intermarché Contact Vila Nova de Poiares","8097","Vila Nova de Poiares","https://www.intermarche.pt/lojas/coimbra/01266-vila-nova-de-poiares/","False","False","False","False","40.210801","-8.260081","Intermarché Vila Nova de Poiares","Av. General Humberto Delgado - Quintais da Vila","Vila Nova de Poiares","3350-160 Vila Nova de Poiares","pdv01266@mousquetaires.com","Todos os dias: 9h00 às 20h00 - ","239422930",FALSE
"Intermarché Contact Arraiolos","8125","Arraiolos","https://www.intermarche.pt/lojas/evora/09958-arraiolos/","True","False","True","False","38.724459","-7.990421","Intermarché Arraiolos","Rua dos Almocreves 2","Arraiolos","7040-909 Arraiolos","pdv09958@mousquetaires.com","Segunda a Domingo: 9h00 às 13h00 e das 15h00 às 20h00 - Sábado: 9h00 às 20h00 - ","266490060",FALSE
"Intermarché Super Estremoz","8110","Estremoz","https://www.intermarche.pt/lojas/evora/04482-estremoz/","True","True","True","True","38.846791","-7.581723","Intermarché Estremoz","Zona Industrial - Apartado 10 - Santa Maria","Estremoz","7100-147 Estremoz","pdv04482@mousquetaires.com","Segunda a domingo: 8h30 às 21h00 - ","268337380",FALSE
"Intermarché Super Évora - Frei Aleixo","8111","Évora - Frei Aleixo","https://www.intermarche.pt/lojas/evora/06224-evora-frei-aleixo/","True","True","True","False","38.583859","-7.898965","Intermarché Évora - Frei Aleixo","Bairro do Frei Aleixo - EN 18","Évora","7005-863 Évora","pdv06224@mousquetaires.com","Segunda a domingo: 9h00 às 21h00 - ","266743900",FALSE
"Intermarché Super Évora - Quinta do Alcântara","8112","Évora - Quinta do Alcântara","https://www.intermarche.pt/lojas/evora/09697-evora-quinta-do-alcantara/","True","True","True","True","38.552583","-7.912781","Intermarché Évora - Quinta do Alcântara","Quinta do Alcântara lote1","Évora","7005-345 Évora","pdv09697@mousquetaires.com","Segunda a domingo: 8h30 às 21h00 - ","266739220",FALSE
"Intermarché Super Montemor-o-Novo","8113","Montemor-o-Novo","https://www.intermarche.pt/lojas/evora/04875-montemor-o-novo/","True","False","True","False","38.646399","-8.205922","Intermarché Montemor-o-Novo","Avenida Gago Coutinho","Montemor-o-Novo","7050-101 Montemor-o-Novo","pdv04875@mousquetaires.com","Segunda a Domingo: 9h00 às 20h30 - ","266899200",FALSE
"Intermarché Contact Portel","8126","Portel","https://www.intermarche.pt/lojas/evora/02778-portel/","True","False","True","False","38.30486","-7.706111","Intermarché Portel","Tapada dos Arcos","Portel","7220-413 Portel","pdv02778@mousquetaires.com","Segunda a Domingo: 9h00 às 13h00 e das 15h00 às 20h00 - ","266611509",FALSE
"Intermarché Contact Redondo","8127","Redondo","https://www.intermarche.pt/lojas/evora/07006-redondo/","True","False","True","True","38.653558","-7.54822","Intermarché Redondo","Rua do Almagre","Redondo","7170-072 Redondo","pdv07006@mousquetaires.com","Todos os dias: 9h00 às 20h30 - ","266999935",FALSE
"Intermarché Super Reguengos de Monsaraz","8114","Reguengos de Monsaraz","https://www.intermarche.pt/lojas/evora/05940-reguengos-de-monsaraz/","True","True","True","False","38.424725","-7.54492","Intermarché Reguengos de Monsaraz","Lugar da Cegonheira - Semi Circular Sul","Reguengos de Monsaraz","7200-999 Reguengos de Monsaraz","pdv05940@mousquetaires.com","Todos os dias: 9h00 às 21h00 - ","266508190",FALSE
"Intermarché Contact Viana do Alentejo","8128","Viana do Alentejo","https://www.intermarche.pt/lojas/evora/03036-viana-do-alentejo/","True","False","True","False","38.330985","-7.995101","Intermarché Viana do Alentejo","Zona Industrial","Viana do Alentejo","7090-222 Viana do Alentejo","pdv03036@mousquetaires.com","Segunda a domingo: 9h00 às 20h00 - ","266953580",FALSE
"Intermarché Contact Vila Viçosa","8129","Vila Viçosa","https://www.intermarche.pt/lojas/evora/06726-vila-vicosa/","True","True","True","True","38.787109","-7.426483","Intermarché Vila Viçosa","Madre de Água","Vila Viçosa","7160-204 Vila Viçosa","intervicosa.vila@sapo.pt","Segunda a domingo: 9h00 às 21h00 - ","268889530",FALSE
"Intermarché Contact Albufeira - Cerro Grande","8854","Albufeira - Cerro Grande","https://www.intermarche.pt/lojas/faro/07593-albufeira-cerro-grande/","False","False","False","False","37.084369","-8.259294","Intermarché Albufeira - Cerro Grande","Cerro Grande","Albufeira","8200-108 Albufeira","pdv07593@mousquetaires.com","Segunda a Domingo: 8h00 às 20h00 - ","966652790",FALSE
"Intermarché Super Albufeira - Ferreiras","8563","Albufeira - Ferreiras","https://www.intermarche.pt/lojas/faro/05933-albufeira-vale-serves/","True","True","True","True","37.126714","-8.237246","Intermarché Albufeira - Ferreiras","Vale Serves","Albufeira","8200-559 Albufeira","pdv05933@mousquetaires.com","Segunda a domingo: 8h30 às 21h00 (inverno) - Segunda a domingo: 8h30 às 22h00 (verão) - ","289548165",FALSE
"Intermarché Contact Albufeira - Olhos de Água ","8846","Albufeira - Olhos de Água ","https://www.intermarche.pt/lojas/faro/06841-albufeira-olhos-de-agua/","False","False","False","True","37.092706","-8.188581","Intermarché Albufeira - Olhos de Água ",NA,NA,NA,NA,NA,NA,NA
"Intermarché Contact Albufeira - Santa Eulalia","8844","Albufeira - Santa Eulalia","https://www.intermarche.pt/lojas/faro/06859-albufeira-santa-eulalia/","False","False","False","True","37.08988","-8.221936","Intermarché Albufeira - Santa Eulalia","Estrada de Santa Eulalia - Edificio Oura Praia","Albufeira","8200-381 Albufeira","pdv06859@mousquetaires.com","Todos os dias: 8h30 às 20h00 - ","289582166",FALSE
"Intermarché Super Albufeira - Vale Pedras","69807","Albufeira - Vale Pedras","https://www.intermarche.pt/lojas/faro/07334-albufeira-vale-pedras/","False","False","False","False","37.1033","-8.2344","Intermarché Albufeira - Vale Pedras","Rua Vale de Pedras","Albufeira","8200-047 Albufeira","pdv07334@mousquetaires.com","Das 8h00 às 21h00 (Inverno) - Das 8h00 às 22h00 (Verão) - ","289 543 985",FALSE
"Intermarché Contact Albufeira Açoteias","8856","Albufeira Açoteias","https://www.intermarche.pt/lojas/faro/09981-albufeira-acoteias/","False","False","False","False","37.096942","-8.178181","Intermarché Albufeira Açoteias","Roda Pé, Açoteias","Albufeira","8200-380 Albufeira","pdv09981@mousquetaires.com","Segunda a Domingo: 8h30 às 21h00 (inverno) - Segunda a Domingo: 8h00 às 22h00 (verão) - ","289587054",FALSE
"Intermarché Super Aljezur","8564","Aljezur","https://www.intermarche.pt/lojas/faro/06725-aljezur/","False","False","False","False","37.317042","-8.798882","Intermarché Aljezur","Igreja Nova EN 120","Aljezur","8670-161 Aljezur","interaljezur@gmail.com","Verão: 8h30 às 21h00 - Inverno: 8h30 as 20h00 - ","282990060",FALSE
"Intermarché Contact Altura","8847","Altura","https://www.intermarche.pt/lojas/faro/03986-altura/","False","False","False","False","37.181032","-7.496806","Intermarché Altura","EN 125","Altura","8950-433 Castro Marim","pdv03986@mousquetaires.com","Inverno: 8h30 às 20h00 - Verão: 8h30 às 21h00 - ","281950540",FALSE
"Intermarché Contact Alvor","8855","Alvor","https://www.intermarche.pt/lojas/faro/07591-alvor/","False","False","False","True","37.128844","-8.589889","Intermarché Alvor","Areal do Poço - 4 Estradas, Alvor","Portimão","8500-057 Portimão","pdv07591@mousquetaires.com","Segunda a Domingo: 8h30 às 21h00 - ","282098413",TRUE
"Intermarché Super Alvor-Marachique","62827","Alvor-Marachique","https://www.intermarche.pt/lojas/faro/09731-alvor-marachique/","False","False","True","False","37.13084832794842","-8.575405969424436","Intermarché Alvor-Marachique","Estrada de Alvor Edifício Intermarché",NA,"8500-071 Portimão","pdv09731@mousquetaires.com","Segunda a Domingo: 8h30 às 21h00 - ","282 242 200",FALSE
"Intermarché Contact Armação de Pera","8848","Armação de Pera","https://www.intermarche.pt/lojas/faro/05921-armacao-de-pera/","False","False","False","False","37.10227","-8.362992","Intermarché Armação de Pera","Av. General Humberto Delgado","Armação de Pera","8365-138 Silves","pdv05921@mousquetaires.com","Todos os dias: 8h30 às 21h00 - ","282314587",FALSE
"Intermarché Contact Budens","8574","Budens","https://www.intermarche.pt/lojas/faro/03209-budens/","False","False","True","True","37.086294","-8.828105","Intermarché Budens","Estrada Nacional 125 – Km 8,3","Areias de Cima","8650-070","pdv03209@mousquetaires.com","Inverno: 8h30 às 20h00 - Verão: 8h30 às 21h00 - ","282695601",FALSE
"Intermarché Super Lagoa - Carvoeiro","8565","Lagoa - Carvoeiro","https://www.intermarche.pt/lojas/faro/02357-lagoa-carvoeiro/","False","False","False","True","37.115257","-8.455376","Intermarché Lagoa - Carvoeiro","Estrada do Poço partido- Carvoeiro","Lagoa","8400-557 Lagoa","pdv02357@mousquetaires.com","Segunda a Domingo: 8h00 às 21h00 - ","282380320",FALSE
"Intermarché Contact Lagoa - Rua dos Bombeiros Voluntarios","8573","Lagoa - Rua dos Bombeiros Voluntarios","https://www.intermarche.pt/lojas/faro/05736-lagoa-rua-dos-bombeiros-voluntarios/","False","False","False","False","37.132196","-8.448945","Intermarché Lagoa - Rua dos Bombeiros Voluntarios","Rua dos Bombeiros Voluntarios","Lagoa","8400-379 Lagoa","pdv05736@mousquetaires.com","Segunda a Domingo: 8h30 às 21h00 - ","282356372",FALSE
"Intermarché Super Lagos - Ameijeira Verde","8566","Lagos - Ameijeira Verde","https://www.intermarche.pt/lojas/faro/03208-lagos-ameijeira-verde/","True","False","True","True","37.10016","-8.683996","Intermarché Lagos - Ameijeira Verde","Lugar da Pedra Alçada - Ameijeira Verde","Lagos","8600-546 Lagos","pdv03208@mousquetaires.com","Inverno - 8h30 às 21h00 - Verão - 8h00 às 22h00 - ","282780760",FALSE
"Intermarché Contact Moncarapacho","57407","Moncarapacho","https://www.intermarche.pt/lojas/faro/09637-moncarapacho/","False","False","False","False","37.082966","-7.791196","Intermarché Moncarapacho","Rua São Gonçalo de Lagos,  Edifício Intermarché","Moncarapacho","8700-061 Moncarapacho","pdv09637@mousquetaires.com","Segunda a Domingo: 9h00 às 21h00 - ","289 372 520",FALSE
"Intermarché Super Monchique","8567","Monchique","https://www.intermarche.pt/lojas/faro/06858-monchique/","True","False","True","False","37.312241","-8.555431","Intermarché Monchique","Largo do Pé da Cruz, Ceiceira","Monchique","8550-328 Monchique","pdv06858@mousquetaires.com","9h00 às 20h30 (inverno) - 9h00 às 21h00 (verão) - ","282910130",FALSE
"Intermarché Contact Monte Gordo (Encerrrado temporariamente)","8850","Monte Gordo (Encerrrado temporariamente)","https://www.intermarche.pt/lojas/faro/05927-monte-gordo/","False","False","False","False","37.179407","-7.448103","Intermarché Monte Gordo (Encerrrado temporariamente)","Av. Infante Dom Henrique nº 3","Monte Gordo","8900-412 Vila Real de Santo António","pdv05927@mousquetaires.com","Inverno: 8h00 às 20h00 - Verão: 8h00 às 22h00 - ","281512090",FALSE
"Intermarché Super Olhão","8568","Olhão","https://www.intermarche.pt/lojas/faro/07365-olhao/","True","False","True","True","37.031944","-7.832778","Intermarché Olhão","Lugar do Marim lote 2 - Quelfes","Olhão","8700-221 Faro","geral@superolhao.pt","Inverno: 9h00 às 21h00 - Verão: 8h30 às 21h00 - ","289700290",FALSE
"Intermarché Contact Porches","8851","Porches","https://www.intermarche.pt/lojas/faro/05916-porches/","False","False","False","True","37.105558","-8.382568","Intermarché Porches","Estrada Armação da Pera","Porches","8400-450 Lagoa","pdv05916@mousquetaires.com","Todos os dias: 8h30 às 21h00 - ","282315194",TRUE
"Intermarché Super Portimão","8569","Portimão","https://www.intermarche.pt/lojas/faro/08274-portimao/","False","False","False","True","37.152219","-8.554805","Intermarché Portimão","Cabeço do Mocho, lote nº1","Portimão","8500-313 Portimão","pdv08274@mousquetaires.com","Inverno - todos os dias: 8h30 às 21h30 - Verão - todos os dias: 8h00 às 22h00 - ","282457126",TRUE
"Intermarché Express Portimão -  Praia da Rocha","36927","Portimão -  Praia da Rocha","https://www.intermarche.pt/lojas/faro/08937-portimao-praia-da-rocha/","False","False","False","False","37.119514","-8.540903","Intermarché Portimão -  Praia da Rocha","Avenida Tomás Cabreira, Edifício Varandas da Rocha,  Praia da Rocha",NA,"8500-802 Portimão","pdv08937@mousquetaires.com","Segunda a domingo: 9h00 às 20h00 - ","282248860",FALSE
"Intermarché Contact Quarteira","8852","Quarteira","https://www.intermarche.pt/lojas/faro/05929-quarteira/","False","False","False","False","37.068033","-8.102537","Intermarché Quarteira","Rua da Nora - Edificio miratlântico","Quarteira","8125-238 Loulé","pdv05929@mousquetaires.com","8h00 às 22h00 (verão) - 9h00 às 21h00 (inverno) - ","289316309",FALSE
"Intermarché Contact Sagres","8858","Sagres","https://www.intermarche.pt/lojas/faro/06464-sagres/","True","False","True","False","37.014784","-8.941098","Intermarché Sagres","Cercas Velhas","Sagres","8650-366 Sagres","pdv06464@mousquetaires.com","Verão: 8h30 às 21h00 - Inverno: 8h30 às 20h00 - ","282620080",FALSE
"Intermarché Super São Bartolomeu de Messines","8572","São Bartolomeu de Messines","https://www.intermarche.pt/lojas/faro/07851-sao-bartolomeu-de-messines/","True","False","True","False","37.260254","-8.292843","Intermarché São Bartolomeu de Messines","Rua João de Deus","São Bartolomeu de Messines","8375-127 Silves","pdv07851@mousquetaires.com","Todos os dias: 8h30 às 21h00 - ","282249730",FALSE
"Intermarché Super São Brás de Alportel","8570","São Brás de Alportel","https://www.intermarche.pt/lojas/faro/07564-sao-bras-de-alportel/","True","False","True","False","37.152576","-7.889052","Intermarché São Brás de Alportel","Campinha, Estrada nacional 270","São Brás de Alportel","8150-022 São Brás de Alportel","intersaobrasalportel@gmail.com","Todos os dias: 9h00 às 21h00 - ","289840170",FALSE
"Intermarché Super Vila Real de Santo António","8571","Vila Real de Santo António","https://www.intermarche.pt/lojas/faro/03985-vila-real-de-santo-antonio/","True","False","True","True","37.19995","-7.418381","Intermarché Vila Real de Santo António","Largo da Estação","Vila Real de Santo António","8900-216 Vila Real de Santo António","pdv03985@mousquetaires.com","Inverno: 8h30 às 20h00 - Verão: 8h30 às 21h00 - ","281530550",FALSE
"Intermarché Contact Vilamoura","8857","Vilamoura","https://www.intermarche.pt/lojas/faro/07603-vilamoura/","False","False","False","True","37.082583","-8.118286","Intermarché Vilamoura","Av. Engenheiro João Meireles – Edifício Atrium, bloco A R/C, Vilamoura","Loulé","8125-406 Loulé","pdv07603@mousquetaires.com","Todos os dias: 8h30 às 22h00 - ","289328580",TRUE
"Intermarché Contact Celorico da Beira","8130","Celorico da Beira","https://www.intermarche.pt/lojas/guarda/01316-celorico-da-beira/","True","False","True","False","40.643869","-7.38699","Intermarché Celorico da Beira","Rua Dom João de Oliveira Matos nº45 - 47","Celorico da Beira","6360-344 Celorico da Beira","distribeira@sapo.pt","Verão: 9h00 às 20h00 - Inverno: 9h30 às 13h00 e 15h00 às 19h30 - ","271742928",FALSE
"Intermarché Contact Figueira de Castelo Rodrigo","8131","Figueira de Castelo Rodrigo","https://www.intermarche.pt/lojas/guarda/08062-figueira-de-castelo-rodrigo/","True","False","True","False","40.884023","-6.965801","Intermarché Figueira de Castelo Rodrigo","Vale Barroso",NA,"6440-031 Figueira de Castelo Rodrigo","pdv08062@mousquetaires.com","Segunda a domingo:  9h00 às 20h00 - ","271319210",FALSE
"Intermarché Super Gouveia","8116","Gouveia","https://www.intermarche.pt/lojas/guarda/05346-gouveia/","True","False","True","False","40.498869","-7.603568","Intermarché Gouveia","Lugar dos Barreiros - São Julião","Gouveia","6290-909 Gouveia","supergouveialda@gmail.com","Segunda a domingo: 8h30 às 20h30 - ","238498090",FALSE
"Intermarché Super Guarda","8117","Guarda","https://www.intermarche.pt/lojas/guarda/01561-guarda/","True","False","True","False","40.528803","-7.251721","Intermarché Guarda","Estrada do barracão - Bairro senhora dos Remédios","Guarda","6300-309 Guarda","pdv01561@mousquetaires.com","Segunda a Domingo: 8h30 às 20h00 - ","271208370",FALSE
"Intermarché Contact Mêda","8132","Mêda","https://www.intermarche.pt/lojas/guarda/03452-meda/","True","False","True","False","40.957502","-7.261095","Intermarché Mêda","Lugar do Noval - 3 Caminhos","Mêda","6430-183 Mêda","pdv03452@mousquetaires.com","Verão: 9h00 às 13h00 e das 14h30 às 20h00 - Mês de agosto: 9h00 às 20h00 - Inverno: 9h30 às 13h00 e das 14h30 às 19h30 - ","279882200",FALSE
"Intermarché Contact Pinhel","8133","Pinhel","https://www.intermarche.pt/lojas/guarda/02058-pinhel/","True","False","True","False","40.770657","-7.069336","Intermarché Pinhel","Rua Carlos Seixas","Pinhel","6400-323 Pinhel","pdv02058@mousquetaires.com","Todos os dias: 9h00 às 19h30 - ","271 413 971",FALSE
"Intermarché Contact Sabugal","8091","Sabugal","https://www.intermarche.pt/lojas/guarda/05040-sabugal/","False","False","False","False","40.356053","-7.075788","Intermarché Sabugal","Av. 25 de Abril","Sabugal","6320-345 Penamacor","pdv05040@mousquetaires.com","Inverno: 9h00 às 19h30 - Verão: 9h00 às 20h00 - ","271752046/7",FALSE
"Intermarché Super Seia","8118","Seia","https://www.intermarche.pt/lojas/guarda/09712-seia/","False","False","False","False","40.406238","-7.708874","Intermarché Seia","Lugar do Crestelo - São Romão","Seia","6270-998 Seia","pdv09712@mousquetaires.com","Segunda a Domingo: 8h30 às 20h00 - ","238310390",FALSE
"Intermarché Contact Trancoso","8134","Trancoso","https://www.intermarche.pt/lojas/guarda/02375-trancoso/","True","True","True","False","40.957423","-7.261553","Intermarché Trancoso","Lugar de São Domingos","Trancoso","6420-008 Trancoso","pdv02375@mousquetaires.com","Inverno: 9h30 às 13h00 e 15h00 às 19h30 - Verão: 9h00 às 13h00 e das 15h00 às 20h00 - ","271812030",FALSE
"Intermarché Contact Vila Nova de Foz Côa","8135","Vila Nova de Foz Côa","https://www.intermarche.pt/lojas/guarda/04465-vila-nova-de-foz-coa/","True","False","True","False","41.071229","-7.140848","Intermarché Vila Nova de Foz Côa","Zona Industrial lote 53","Vila Nova de Foz Côa","5150-614 Vila Nova de Foz Côa","pdv04465@mousquetaires.com","Segunda a Domingo: 9h00 às 20h00 - ","279760360",FALSE
"Intermarché Contact Vilar Formoso","8136","Vilar Formoso","https://www.intermarche.pt/lojas/guarda/02713-vilar-formoso/","True","False","True","False","40.618269","-6.843627","Intermarché Vilar Formoso","Sítio da Represa","Vilar Formoso","6355-289 Almeida","sodimoso@gmail.com","Segunda a Sábado: 9h00 às 20h00 - Domingo: 9h30 às 19h30 - ","271511445",FALSE
"Intermarché Super Alcobaça","8865","Alcobaça","https://www.intermarche.pt/lojas/leiria/07581-alcobaca/","True","False","True","True","39.553011","-8.969155","Intermarché Alcobaça","Lugar da Pataeira - Palmeira","Alcobaça","2460-005 Alcobaça","pdv07581@mousquetaires.com","Segunda a Domingo: 8h30 às 20h30 - ","262580030",TRUE
"Intermarché Super Ansião","8866","Ansião","https://www.intermarche.pt/lojas/leiria/06364-ansiao/","True","False","True","False","39.911878","-8.440088","Intermarché Ansião","Av. Sá Carneiro","Ansião","3240-235 Ansião","pdv06364@mousquetaires.com","Verão: 8h30 às 21h00 - Inverno: 8h30 às 20h00 - ","911942158",FALSE
"Intermarché Contact Batalha","8859","Batalha","https://www.intermarche.pt/lojas/leiria/02374-batalha/","False","False","False","False","39.658728","-8.822407","Intermarché Batalha","Largo 14 Agosto 1385","Batalha","2440-105 Batalha","pdv02374@mousquetaires.com","Segunda a Sábado: 9h00 às 20h00 - Domingos e Feriados: 9h00 às 19h30 - ","244766420",FALSE
"Intermarché Super Benedita","8867","Benedita","https://www.intermarche.pt/lojas/leiria/07658-benedita/","True","False","True","True","39.433258","-8.979815","Intermarché Benedita","Rua Rei da Memoria - Casal do Leirião","Benedita","2475-022 Benedita","pdv07658@mousquetaires.com","Segunda a domingo: 8h30 às 20h30 - ","262925320",FALSE
"Intermarché Super Bombarral","8868","Bombarral","https://www.intermarche.pt/lojas/leiria/07397-bombarral/","True","False","True","False","39.266355","-9.164079","Intermarché Bombarral","Praça da Republica, Arroteias","Bombarral","2540-031 Bombarral","pdv07397@mousquetaires.com","Segunda a Domingo: 9h00 às 20h30 - ","262600210",FALSE
"Intermarché Super Caldas da Rainha ","28849","Caldas da Rainha ","https://www.intermarche.pt/lojas/leiria/08238-caldas-da-rainha/","False","True","False","False","39.40467","-9.1529","Intermarché Caldas da Rainha ",NA,NA,NA,NA,NA,NA,NA
"Intermarché Super Figueiró dos Vinhos","8869","Figueiró dos Vinhos","https://www.intermarche.pt/lojas/leiria/06286-figueiro-dos-vinhos/","True","False","True","False","39.906229","-8.280577","Intermarché Figueiró dos Vinhos","Senhora dos Remédios lote 1","Figueiró dos Vinhos","3260-349 Alvaiázere","pdv06286@mousquetaires.com","Segunda a Domingo: 9h00 às 20h00 - ","236559400",FALSE
"Intermarché Contact Juncal","8860","Juncal","https://www.intermarche.pt/lojas/leiria/07611-juncal/","True","True","True","False","39.582754","-8.900542","Intermarché Juncal","Estrada nacional nº 8 - Cumeira","Juncal","2480-078 Porto de Mós","pdv07611@mousquetaires.com","Inverno: 9h00 às 20h00 - Julho e Agosto: 9h00 às 20h30 - Cafetaria: 8h00 às 20h00 - ","262505590",FALSE
"Intermarché Super Leiria - Gândara dos Olivais","8873","Leiria - Gândara dos Olivais","https://www.intermarche.pt/lojas/leiria/05038-leiria-gandara-dos-olivais/","True","False","True","False","39.765432","-8.817486","Intermarché Leiria - Gândara dos Olivais","Rua da Baquelite Carregal - Gândara dos Olivais","Leiria","2415-615 Leiria","distrigandara@gmail.com","Segunda a sexta: 9h00 às 21h00 - Sábado e Domingo: 9h00 às 19h00 - ","244829570",FALSE
"Intermarché Super Leiria - Maceira ","8870","Leiria - Maceira ","https://www.intermarche.pt/lojas/leiria/03519-leiria-maceira/","True","False","True","True","39.685015","-8.895406","Intermarché Leiria - Maceira ",NA,NA,NA,NA,NA,NA,NA
"Intermarché Super Leiria - Rua das Olhalvas","8863","Leiria - Rua das Olhalvas","https://www.intermarche.pt/lojas/leiria/02057-leiria-rua-das-olhalvas/","False","False","False","False","39.74113","-8.7967","Intermarché Leiria - Rua das Olhalvas","Rua das Olhalvas","Leiria","2410-196 Leiria","fipoleiria@gmail.com","Segunda a sexta: 9h00 às 21h00 - Sábado e Domingo: 9h00 às 19h00 - ","244802450",FALSE
"Intermarché Super Marinha da Guia","8871","Marinha da Guia","https://www.intermarche.pt/lojas/leiria/09064-marinha-da-guia/","True","True","True","True","39.968964","-8.793005","Intermarché Marinha da Guia","Rua Serrada da Estrada nº 24","Marinha da Guia","3105-063 Pombal","sodiguia@gmail.com","Todos os dias: 9h00 às 21h00 - ","236959040",TRUE
"Intermarché Super Marinha Grande","8872","Marinha Grande","https://www.intermarche.pt/lojas/leiria/01006-marinha-grande/","True","False","True","True","39.756275","-8.932903","Intermarché Marinha Grande","Av. José Gregorio","Marinha Grande","2430-275 Marinha Grande","distrigrande@gmail.com","Segunda a Domingo: 7h30 às 21h00 - ","244551100",FALSE
"Intermarché Super Óbidos","8874","Óbidos","https://www.intermarche.pt/lojas/leiria/03291-obidos/","True","False","True","False","39.389393","-9.129639","Intermarché Óbidos","Casal do Pedrógão - Gaeiras","Óbidos","2510-739 Óbidos","pdv03291@mousquetaires.com","9h00 às 20h30 (inverno) - 8h30 às 21h00 (verão) - ","262840240",FALSE
"Intermarché Super Pataias","8875","Pataias","https://www.intermarche.pt/lojas/leiria/06271-pataias/","True","True","True","False","39.659746","-9.015063","Intermarché Pataias","Lugar de Alva - Estrada Nacional 242","Pataias","2445-012 Alcobaça","superpataias.lda@gmail.com","Segunda a Domingo: 9h00 às 20h00 - ","244587350",FALSE
"Intermarché Super Peniche","8864","Peniche","https://www.intermarche.pt/lojas/leiria/76131-peniche/","True","True","True","True","39.363935","-9.374476","Intermarché Peniche","Avenida Monsenhor Bastos","Peniche","2520-206 Peniche","pdv76131@mousquetaires.com","Inverno: 8h30 às 20h00 - Verão: 8h30 às 21h00 - ","262783886",FALSE
"Intermarché Super Pombal","8876","Pombal","https://www.intermarche.pt/lojas/leiria/01615-pombal/","True","False","True","True","39.9204","-8.629953","Intermarché Pombal","Rua Marechal António Spínola, Várzea","Pombal","3100-389 Pombal","distripombal@gmail.com","Segunda a domingo: 8h00 às 21h00 - ","236200840",FALSE
"Intermarché Super Porto de Mós","8877","Porto de Mós","https://www.intermarche.pt/lojas/leiria/06375-porto-de-mos/","True","False","True","True","39.599021","-8.824287","Intermarché Porto de Mós","Avenida S.Pedro nº5","Porto de Mós","2480-303 Porto de Mós","pdv06375@mousquetaires.com","Segunda a Domingo: 8h30 às 21h00 - ","244491328",TRUE
"Intermarché Contact S. Martinho do Porto","8861","S. Martinho do Porto","https://www.intermarche.pt/lojas/leiria/06379-s-martinho-do-porto/","True","False","True","False","39.515376","-9.126009","Intermarché S. Martinho do Porto","Lugar de Relvinhas","S. Martinho do Porto","2460-468 Alcobaça","pdv06379@mousquetaires.com","Inverno: 9h00 às 20h00 - Verão: 9h00 às 20h30 - ","262985010",FALSE
"Intermarché Contact Vieira de Leiria","8862","Vieira de Leiria","https://www.intermarche.pt/lojas/leiria/04683-vieira-de-leiria/","True","False","True","True","39.868728","-8.917063","Intermarché Vieira de Leiria","Rua de Leiria nº 50/52 - Barqueiro","Vieira de Leiria","2430-773 Marinha Grande","pdv04683@mousquetaires.com","Todos os dias: 9h00 às 21h00 - ","244698130",FALSE
"Intermarché Super Abrigada","8898","Abrigada","https://www.intermarche.pt/lojas/lisboa/03012-abrigada/","True","True","True","False","39.144412","-9.022703","Intermarché Abrigada","Lugar da Funileira","Abrigada","2580-097 Alenquer","pdv03012@mousquetaires.com","Segunda a Domingo: 9h00 às 20h30 - ","263798080",FALSE
"Intermarché Super A-dos-Cunhados","8894","A-dos-Cunhados","https://www.intermarche.pt/lojas/lisboa/06347-a-dos-cunhados/","True","False","True","False","39.152922","-9.305484","Intermarché A-dos-Cunhados","Vale da Murta","A-dos-Cunhados","2560-562 Torres Vedras","intersobreiro@sapo.pt","Segunda a Domingo: 8h30 às 21h00 - ","261980190",FALSE
"Intermarché Super Arruda dos Vinhos","8899","Arruda dos Vinhos","https://www.intermarche.pt/lojas/lisboa/07615-arruda-dos-vinhos/","True","True","True","True","38.998118","-9.084765","Intermarché Arruda dos Vinhos","Casal da Cruz-reta da Fresca","Arruda dos Vinhos","2630-358 Arruda dos Vinhos","sodijuncal@hotmail.com","Segunda a domingo: 8h30 – 21h00 - ","263979100",FALSE
"Intermarché Contact Aveiras de Cima","8878","Aveiras de Cima","https://www.intermarche.pt/lojas/lisboa/05773-aveiras-de-cima/","True","False","True","False","39.143991","-8.901371","Intermarché Aveiras de Cima","Chães lote 1","Aveiras de Cima","2050-098 Azambuja","pdv05773@mousquetaires.com","Segunda a Domingo: 9h00 às 20h30 - ","263470200",FALSE
"Intermarché Super Azambuja","8884","Azambuja","https://www.intermarche.pt/lojas/lisboa/03420-azambuja/","True","False","True","False","39.07331","-8.863282","Intermarché Azambuja","Rua da EPAC nº 1","Azambuja","2050-260 Azambuja","pdv03420@mousquetaires.com","Segunda a domingo: 9h00 às 21h00 - ","263409360",FALSE
"Intermarché Contact Belas/Massamá","8880","Belas/Massamá","https://www.intermarche.pt/lojas/lisboa/08255-belas-massama/","True","False","True","True","38.7685103","-9.2807235","Intermarché Belas/Massamá","Av. Salgueiro Maia, Lt 189","Belas/Massamá","2605-229 Sintra","pdv08255@mousquetaires.com","Todos os dias: 8h30 – 21h00 - ","210523320",TRUE
"Intermarché Super Cacém","8885","Cacém","https://www.intermarche.pt/lojas/lisboa/07421-cacem/","False","False","False","True","38.768196","-9.313998","Intermarché Cacém","Rua Elias Garcia nº 201 B-C","Cacém","2735-682 Sintra","pdv07421@mousquetaires.com","Segunda a domingo: 9h00 às 21h00 - ","219188580",TRUE
"Intermarché Contact Cadaval","8879","Cadaval","https://www.intermarche.pt/lojas/lisboa/08186-cadaval/","True","False","True","False","39.237634","-9.099014","Intermarché Cadaval","Urbanização do Martinho","Cadaval","2550-170 Cadaval","pdv08186@mousquetaires.com","Segunda a domingo: 9h00 às 20h00 - ","262691497",FALSE
"Intermarché Super Carregado","8900","Carregado","https://www.intermarche.pt/lojas/lisboa/06729-carregado/","True","True","True","True","39.02896","-8.981624","Intermarché Carregado","Quinta da Colónia Lote 2","Carregado","2580-491 Alenquer","pdv06729@mousquetaires.com","Segunda a domingo: 8h30 às 21h00 - ","263854101",FALSE
"Intermarché Super Ericeira","8893","Ericeira","https://www.intermarche.pt/lojas/lisboa/07960-ericeira/","True","True","True","False","38.9498296","-9.4049814","Intermarché Ericeira","Estrada Nacional 116 KM1, Edifício Intermarché","Ericeira","2655-139 Mafra","pdv07960@mousquetaires.com","Segunda a Domingo: 8h00 às 22h00 - ","261249830",FALSE
"Intermarché Super Famões","8886","Famões","https://www.intermarche.pt/lojas/lisboa/07348-famoes/","False","False","True","True","38.792037","-9.216298","Intermarché Famões","Urbº Quinta do Segolim lote EA-01","Famões","1675-822 Odivelas","pdv07348@mousquetaires.com","Segunda a domingo: 8h30 – 21h00 - ","219349580",FALSE
"Intermarché Super Lourinhã","8895","Lourinhã","https://www.intermarche.pt/lojas/lisboa/76127-lourinha/","True","True","True","True","39.251081","-9.313508","Intermarché Lourinhã","Rua Ildo Hermogenes da Silva Marques nº 1","Lourinhã","2530-320 Lourinhã","pdv76127@mousquetaires.com","Inverno: Segunda a Sábado: 9h00 às 20h30 Domingo: 9h00 às 20h00 - Verão: 8h30 às 21h00 - ","261414314",FALSE
"Intermarché Super Mafra","8896","Mafra","https://www.intermarche.pt/lojas/lisboa/76114-mafra/","True","True","True","False","38.99824","-9.32911","Intermarché Mafra","Rua Almirante Gago Coutinho, nº 7","Mafra","2640-487 Mafra","contabilidade.itmmafra@gmail.com","Todos os dias: 8h30 – 22h00 - ","261816130",FALSE
"Intermarché Super Malveira","8889","Malveira","https://www.intermarche.pt/lojas/lisboa/05907-malveira/","True","False","True","False","38.94056","-9.25194","Intermarché Malveira","Rua da Lagoa, nº 27","Malveira","2665-279 Mafra","contabilidade.itmmalveira@gmail.com","Todos os dias: 8h00 – 21h30 - ","219666980",FALSE
"Intermarché Contact Merceana","8881","Merceana","https://www.intermarche.pt/lojas/lisboa/07626-merceana/","True","False","True","False","39.09752","-9.119411","Intermarché Merceana","Sítio do Moinho da Cruz, Aldeia Galega da Merceana","Merceana","2580-087 Alenquer","pdv07626@mousquetaires.com","Segunda a Domingo: 9h00 às 20h00 - ","263769961",FALSE
"Intermarché Contact Quinta da piedade","49575","Quinta da piedade","https://www.intermarche.pt/lojas/lisboa/09459-quinta-da-piedade/","False","False","False","False","38.864463","-9.072782","Intermarché Quinta da piedade","Avenida D. Vicente Afonso Valente, Lote A","Póvoa de Santa Iria","2625-005 Quinta da Piedade","pdv09459@mousquetaires.com","Segunda a Sexta: 8h30 – 21h00 - Sábado e Domingo: 8h30 – 19h00 - ","210544790",FALSE
"Intermarché Super S. Domingos de Rana","8887","S. Domingos de Rana","https://www.intermarche.pt/lojas/lisboa/05047-s-domingos-de-rana/","False","False","False","True","38.70997","-9.335779","Intermarché S. Domingos de Rana","Quinta da Torre de Aguilha","S. Domingos de Rana","2785-599 Cascais","pdv05047@mousquetaires.com","Todos os dias: das 08h30 às 21h00 - ","214489450",FALSE
"Intermarché Super S. João dos Montes","23988","S. João dos Montes","https://www.intermarche.pt/lojas/lisboa/08184-s-joao-dos-montes/","False","False","False","False","38.931757","-9.017034","Intermarché S. João dos Montes","Quinta da Cruz de Pau Pequeno","São João dos Montes","2600-772 Alhandra","pdv08184@mousquetaires.com","Todos os dias: 8h30 – 21h00 - ","219362610",FALSE
"Intermarché Super Sacavém","11281","Sacavém","https://www.intermarche.pt/lojas/lisboa/07989-sacavem/","True","False","True","False","38.7878095","-9.1057379","Intermarché Sacavém","Rua Cidade de Gôa, 22 - Edifício 2 C-D","Sacavém","2685-038","pdv07989@mousquetaires.com","Todos os dias: 9h00 às 21h00 - ","210534000",FALSE
"Intermarché Super Santa Iria Azoia","8890","Santa Iria Azoia","https://www.intermarche.pt/lojas/lisboa/07901-santa-iria-azoia/","True","False","True","True","38.851971","-9.075992","Intermarché Santa Iria Azoia","Rua Afonso de Albuquerque - Edifício Intermarché","Santa Iria Azoia","2690-340 Loures","pdv07901@mousquetaires.com","Todos os dias: 8h30 – 20h30 - ","219539630",FALSE
"Intermarché Contact Santo António dos Cavaleiros","8883","Santo António dos Cavaleiros","https://www.intermarche.pt/lojas/lisboa/07958-santo-antonio-dos-cavaleiros/","False","False","False","True","38.815543","-9.158848","Intermarché Santo António dos Cavaleiros","Rua Pedro Álvares Cabral, Lote 11","Parque Residencial do Almirante","2660-447 Santo António dos Cavaleiros","pdv07958@mousquetaires.com","Segunda a Domingo: 8h30 às 21h00 - ","219 899 510",FALSE
"Intermarché Super São João do Estoril","8888","São João do Estoril","https://www.intermarche.pt/lojas/lisboa/07625-sao-joao-do-estoril/","False","False","False","True","38.705273","-9.385672","Intermarché São João do Estoril","Rua Sacadura Cabral, 102","São João do Estoril","2765 - 553 Galiza","interestoril@gmail.com","Cafetaria: das 8h30 às 21h00 - Loja: das 9h00h às 21h00 - ","214666310",FALSE
"Intermarché Super Silveira","8897","Silveira","https://www.intermarche.pt/lojas/lisboa/04452-silveira/","True","False","True","False","39.10731","-9.365668","Intermarché Silveira","Rua Antonino Gomes","Silveira","2560-402 Torres vedras","geral.intersilveira@gmail.com","Segunda a Domingo: 8h30 às 21h00 - ","261930220",FALSE
"Intermarché Contact Sobral de Monte Agraço","8882","Sobral de Monte Agraço","https://www.intermarche.pt/lojas/lisboa/07964-sobral-de-monte-agraco/","False","False","False","False","39.026944","-9.144444","Intermarché Sobral de Monte Agraço","Casal da Espinheira - Zona Industrial, lote 4","Sobral de Monte Agraço","2590-057 Sobral de Monte Agraço","interagraco@gmail.com","Segunda a domingo: 9h00 – 20h30 (inverno) - Segunda a domingo: 9h00 – 21h00 (verão) - ","261940060",FALSE
"Intermarché Super Torres Vedras","8891","Torres Vedras","https://www.intermarche.pt/lojas/lisboa/01008-torres-vedras/","True","False","True","True","39.10225","-9.258861","Intermarché Torres Vedras","Rua Leonel Trindade, 14","Torres Vedras","2560-612 Torres Vedras","nilocontabilidade@gmail.com","Segunda a Domingo: 9h00 às 21h00 - ","261339970",FALSE
"Intermarché Super Vialonga","8892","Vialonga","https://www.intermarche.pt/lojas/lisboa/07573-vialonga/","True","False","True","False","38.87655","-9.069187","Intermarché Vialonga","Estrada dos Caniços - Cabo","Vialonga","2625-253 Vila Franca de Xira","pdv07573@mousquetaires.com","Todos os dias: 8h30 às 21h00 - ","219523722",FALSE
"Intermarché Super Vila Franca de Xira","8901","Vila Franca de Xira","https://www.intermarche.pt/lojas/lisboa/05469-vila-franca-de-xira/","True","False","True","False","38.966815","-8.982643","Intermarché Vila Franca de Xira","Pomar do Ribeiro de Baixo, EN1 - Povos","Vila Franca de Xira","2600-214 Vila Franca de Xira","pdv05469@mousquetaires.com","Todos os dias: 9h00 às 21h00 - ","263280740",FALSE
"Intermarché Contact Alter do Chão","63513","Alter do Chão","https://www.intermarche.pt/lojas/portalegre/09725-alter-do-chao/","False","False","True","False","39.189801","-7.655861","Intermarché Alter do Chão","Zona Industrial da Tapada do Largo Lote 9-A, Edifício Intermarché",NA,"7440-026 Alter do Chão","pdv09725@mousquetaires.com","Segunda a sábado: 9h00 às 20h00 - Domingo: 9h00 às 19h30 - ","245 249 230",FALSE
"Intermarché Contact Campo Maior","8123","Campo Maior","https://www.intermarche.pt/lojas/portalegre/08036-campo-maior/","False","False","False","True","39.016059","-7.073539","Intermarché Campo Maior","Fonte Nova - Edifício Intermarché","Campo Maior","7370-201 Campo Maior","pdv08036@mousquetaires.com","Segunda a Domingo: 8h30 – 21h00 - ","268689240",FALSE
"Intermarché Super Elvas","8119","Elvas","https://www.intermarche.pt/lojas/portalegre/07850-elvas/","True","True","True","True","38.875123","-7.180895","Intermarché Elvas","Sítio do Morgadinho","Elvas","7350-273 Elvas","PDV07850@mousquetaires.com","Segunda a Domingo: 08h30 às 21h00 - ","268637080",FALSE
"Intermarché Contact Nisa","8124","Nisa","https://www.intermarche.pt/lojas/portalegre/08070-nisa/","False","False","False","False","39.514498","-7.650874","Intermarché Nisa","Avenida D. Dinis","Nisa","6050-348 Nisa","pdv08070@mousquetaires.com","Inverno: 9h00 às 20h00 - Verão: 9h00 às 20h30 - ","245429166",FALSE
"Intermarché Super Ponte de Sor","8120","Ponte de Sor","https://www.intermarche.pt/lojas/portalegre/08164-ponte-de-sor/","True","False","True","False","39.244284","-8.021474","Intermarché Ponte de Sor","Hortas Novas do Domingão - EN 119","Ponte de Sor","7400-123 Ponte de Sor","pdv08164@mousquetaires.com","Todos os dias: 9h00 às 21h00 - ","242292030",FALSE
"Intermarché Super Portalegre","8121","Portalegre","https://www.intermarche.pt/lojas/portalegre/07058-portalegre/","True","False","True","True","39.276779","-7.429995","Intermarché Portalegre","Baldio Almagres","Portalegre","7300-526 Portalegre","inter-portalegre@sapo.pt","Segunda a Domingo: 8h30 – 21h00 - ","245307310",FALSE
"Intermarché Super Alfena","8905","Alfena","https://www.intermarche.pt/lojas/porto/10010-alfena/","False","False","False","False","41.238127","-8.532099","Intermarché Alfena","Rua Ciclo Preparatório, nº 200","Alfena","4445-067 Valongo","pdv10010@mousquetaires.com","Segunda a domingo: 9h00 às 21h00 - ","229682760",FALSE
"Intermarché Contact Alpendurada e Matos","8902","Alpendurada e Matos","https://www.intermarche.pt/lojas/porto/03945-alpendurada-e-matos/","True","False","True","False","41.088061","-8.256046","Intermarché Alpendurada e Matos","Rua da Cachorrela, nº 345","Alpendorada e Matos","4575-003 Marco de Canaveses","superalpe@hotmail.com","Segunda a Domingo: 9h00 às 21h00 - ","255618120",FALSE
"Intermarché Super Amarante","8916","Amarante","https://www.intermarche.pt/lojas/porto/01425-amarante/","True","False","True","False","41.274467","-8.075155","Intermarché Amarante","Rua do Bombeiro Macieira, nº153",NA,"4600-021 Amarante","pdv01425@mousquetaires.com","Segunda a Domingo: 9h00 às 21h00 - ","255437323/4",FALSE
"Intermarché Super Arcozelo","50534","Arcozelo","https://www.intermarche.pt/lojas/porto/09486-arcozelo/","True","False","True","False","41.042604","-8.632257","Intermarché Arcozelo","Rua da Corga","Arcozelo","4410-440 Arcozelo","pdv09486@mousquetaires.com","8h00 às 21h00 - ","229761130",FALSE
"Intermarché Super Avintes","8910","Avintes","https://www.intermarche.pt/lojas/porto/07534-avintes/","True","False","True","True","41.110069","-8.552375","Intermarché Avintes","Rua Escola Central","Avintes","4430-822 Vila Nova de Gaia","pdv07534@mousquetaires.com","Segunda a sexta-feira: 8h30 às 20h30 - Sábado: 8h00 às 20h30 - Domingo: 8h00 às 20h00 - ","227 832 515",FALSE
"Intermarché Contact Canelas","8904","Canelas","https://www.intermarche.pt/lojas/porto/07825-canelas/","True","False","True","False","41.076508","-8.601179","Intermarché Canelas","Rua Delfim Lima, Canelas - Vila Nova de Gaia","Canelas","4410-228 Vila Nova de Gaia","pdv07825@mousquetaires.com","8h00 às 21h00 - ","227536050",FALSE
"Intermarché Super Carvalhos","8911","Carvalhos","https://www.intermarche.pt/lojas/porto/06797-carvalhos/","True","False","True","False","41.057623","-8.565977","Intermarché Carvalhos","Rua da Voltinha - Pedroso","Carvalhos","4415-369 Vila Nova de Gaia","pdv06797@mousquetaires.com","8h00 às 21h00 - ","227860260",FALSE
"Intermarché Super Ermesinde","8915","Ermesinde","https://www.intermarche.pt/lojas/porto/07872-ermesinde/","True","False","True","False","41.214329","-8.55089","Intermarché Ermesinde","Rua Gil Vicente Nº 75","Ermesinde","4445-451 Ermesinde","pdv07872@mousquetaires.com","Segunda a domingo: 8h30 – 21h00 - ","229785000",FALSE
"Intermarché Super Jovim","8913","Jovim","https://www.intermarche.pt/lojas/porto/05943-jovim/","True","False","True","False","41.117361","-8.510175","Intermarché Jovim","Rua das Broas nº 40","Jovim","4510-019 Gondomar","interjovim@gmail.com","Segunda a domingo: 9h00 às 20h00 - ","224507530",FALSE
"Intermarché Super Lordelo ","25516","Lordelo ","https://www.intermarche.pt/lojas/porto/08191-lordelo/","False","False","True","False","41.2373275","-8.4147382","Intermarché Lordelo ",NA,NA,NA,NA,NA,NA,NA
"Intermarché Super Lousada","8906","Lousada","https://www.intermarche.pt/lojas/porto/09061-lousada/","False","False","False","True","41.272611","-8.279375","Intermarché Lousada","Rua Palmira Meireles, nº 95 - Silvares","Lousada","4620-688 Lousada","pdv09061@mousquetaires.com","Segunda a Domingo: 8h30 às 20h30 - ","255820160",FALSE
"Intermarché Super Marco de Canaveses","8918","Marco de Canaveses","https://www.intermarche.pt/lojas/porto/01210-marco-de-canaveses/","True","False","True","True","41.174444","-8.151389","Intermarché Marco de Canaveses","Avenida Futebol Clube do Porto","Marco de Canaveses","4634-909 Marco de Canaveses","distrimarco@iol.pt","Segunda a Domingo: 9h00 às 21h00 - ","255534681",FALSE
"Intermarché Contact Oliveira do Douro (Encerrado Temporariamente)","8908","Oliveira do Douro (Encerrado Temporariamente)","https://www.intermarche.pt/lojas/porto/07936-oliveira-do-douro/","False","False","False","False","41.122495","-8.590067","Intermarché Oliveira do Douro (Encerrado Temporariamente)","Rua Professor José Bonaparte 609","Oliveira do Douro","4430-438 Vila Nova de Gaia","pdv07936@mousquetaires.com","Segunda a Domingo: 9h00 às 21h00 - ","223746860",FALSE
"Intermarché Super Paços de Ferreira","8922","Paços de Ferreira","https://www.intermarche.pt/lojas/porto/76116-pacos-de-ferreira/","True","False","True","False","41.280321","-8.393256","Intermarché Paços de Ferreira","Av. Dr.Jaime Barros, nº40 - Meixomil","Paços de Ferreira","4595-225 Paços de Ferreira","intermarchepacos@gmail.com","Segunda a Domingo: 8h30 às 21h00 - ","255862442",FALSE
"Intermarché Super Paredes","8923","Paredes","https://www.intermarche.pt/lojas/porto/06004-paredes/","True","True","True","True","41.200258","-8.347203","Intermarché Paredes","Rua Central de Mouriz","Paredes","4580-590 Paredes","sodiparedes@gmail.com","Segunda a Domingo: 8h30 às 21h00 - ","255780500",FALSE
"Intermarché Super Penafiel","8924","Penafiel","https://www.intermarche.pt/lojas/porto/76112-penafiel/","True","True","True","True","41.21538165","-8.285155","Intermarché Penafiel","Quinta do Sardoal","Penafiel","4560-907 Penafiel","intermarche.pnf@gmail.com","Segunda a Domingo: 8h30 às 21h00 - ","255710320",FALSE
"Intermarché Contact Termas de S. Vicente/Penafiel","8903","Termas de S. Vicente/Penafiel","https://www.intermarche.pt/lojas/porto/03946-termas-de-s-vicente-penafiel/","True","True","True","False","41.125337","-8.294155","Intermarché Termas de S. Vicente/Penafiel","Av. São Miguel - S. Miguel de Paredes","Termas de S. Vicente/Penafiel","4575-304 Marco de Canaveses","pdv03946@mousquetaires.com","Segunda a domingo: 9h00 às 21h00 - ","255617420",FALSE
"Intermarché Super Trofa","8909","Trofa","https://www.intermarche.pt/lojas/porto/06789-trofa/","False","False","True","True","41.33045","-8.564393","Intermarché Trofa","Lugar das Pateiras - Santiago de Bougado","Trofa","4785-344 Trofa","intertrofa@gmail.com","Todos os dias: 8h30 – 21h00 - ","252411981",FALSE
"Intermarché Super Valongo","8914","Valongo","https://www.intermarche.pt/lojas/porto/9476-valongo/","True","True","True","True","41.183561","-8.481199","Intermarché Valongo","Travessa António Augusto Castro Pauperio lote 36","Valongo","4440-007 Valongo","pdv09476@mousquetaires.com","Segunda a domingo: 8h30 às 21h00 - ","224219830",FALSE
"Intermarché Super Várzea","8917","Várzea","https://www.intermarche.pt/lojas/porto/03605-varzea/","True","False","True","False","41.356528","-8.189933","Intermarché Várzea","Rua do F.C.Felgueiras, N288","Várzea","4610-808 Felgueiras","distrifelgueiras@sapo.pt","Segunda a Domingo: 8h30 às 21h00 - ","255313042",FALSE
"Intermarché Super Vila das Aves","8919","Vila das Aves","https://www.intermarche.pt/lojas/porto/06381-vila-das-aves/","True","False","True","False","41.36524","-8.40153","Intermarché Vila das Aves","Rua Narciso Jose Machado Guimarães, 637","Vila das Aves","4796-089 Santo Tirso","interviladasaves@gmail.com","Segunda a domingo: 9h00 às 21h00 - ","252870030",FALSE
"Intermarché Super Vila Nova da Telha","8920","Vila Nova da Telha","https://www.intermarche.pt/lojas/porto/07826-vila-nova-da-telha/","True","False","True","False","41.249889","-8.665139","Intermarché Vila Nova da Telha","Rua da Fabrica nº 274","Vila Nova da Telha","4470-768 Maia","pdv07826@mousquetaires.com","De segunda a domingo: 8h30 às 20h30 - ","229435740",FALSE
"Intermarché Super Abrantes ","8936","Abrantes ","https://www.intermarche.pt/lojas/santarem/03622-abrantes/","True","True","True","True","39.475012","-8.192641","Intermarché Abrantes ",NA,NA,NA,NA,NA,NA,NA
"Intermarché Contact Alcanede","49006","Alcanede","https://www.intermarche.pt/lojas/santarem/09452-alcanede/","True","False","True","True","39.420394","-8.825405","Intermarché Alcanede","Rua da Feira de Alcanede - Edifício Intermarché","Alcanede","2025-057","pdv09452@mousquetaires.com","Segunda a Domingo: 8h30 às 20h00 - ","243 247 880",TRUE
"Intermarché Super Alcanena","8940","Alcanena","https://www.intermarche.pt/lojas/santarem/08994-alcanena/","True","False","True","False","39.463056","-8.6575","Intermarché Alcanena","Avenida Marquês de Pombal","Lugar do Peral","2380-180 Alcanena","superalcanena@gmail.com","Segunda a domingo: 8h30 às 21h00 - ","249887130",FALSE
"Intermarché Super Almeirim","8934","Almeirim","https://www.intermarche.pt/lojas/santarem/76105-almeirim/","False","False","False","False","39.195969","-8.625331","Intermarché Almeirim","Zona Industrial Rua A lote 1, 2 e 3","Almeirim","2080-221 Almeirim","supertejo@sapo.pt","Segunda a Domingo: 8h30 às 20h30 - ","243594370",FALSE
"Intermarché Contact Alpiarça","8927","Alpiarça","https://www.intermarche.pt/lojas/santarem/06892-alpiarca/","True","False","True","False","39.268423","-8.574909","Intermarché Alpiarça","Horta da Torre - Terra da Eira","Alpiarça","2090-105 Alpiarça","pdv06892@mousquetaires.com","Segunda a domingo: 9h00 às 20h30 - ","243559260",FALSE
"Intermarché Super Benavente","8941","Benavente","https://www.intermarche.pt/lojas/santarem/76137-benavente/","True","True","True","False","38.960889","-8.81925","Intermarché Benavente","EN 118 Fazendas Novas","Benavente","2130-104 Benavente","pdv76137@mousquetaires.com","Inverno: 9h00 as 20h00 - Verão: 9h00 as 21h00 - ","263518160",FALSE
"Intermarché Super Cartaxo","8937","Cartaxo","https://www.intermarche.pt/lojas/santarem/01620-cartaxo/","True","False","True","False","39.160271","-8.793611","Intermarché Cartaxo","Avenida Mestre Cid","Cartaxo","2070-012 Cartaxo","pdv01620@mousquetaires.com","Segunda a Domingo: 9h00 às 21h00 - ","243779750",FALSE
"Intermarché Contact Chamusca","8928","Chamusca","https://www.intermarche.pt/lojas/santarem/05175-chamusca/","True","True","True","False","39.367073","-8.473149","Intermarché Chamusca","EN 118 km 99","Chamusca","2140-011 Chamusca","pdv05175@mousquetaires.com","Segunda a domingo: 9h00 às 21h00 (verão) - Segunda a domingo: 9h00 às 20h30 (inverno) - ","249760868",FALSE
"Intermarché Super Coruche","8938","Coruche","https://www.intermarche.pt/lojas/santarem/09935-coruche/","True","False","True","False","38.965013","-8.534249","Intermarché Coruche","Quinta de São José - Casal dos Ossos","Coruche","2100-027 Coruche","pdv09935@mousquetaires.com","Segunda a Domingo: 8h30 às 20h30 - ","243617810",FALSE
"Intermarché Contact Ferreira do Zêzere","8929","Ferreira do Zêzere","https://www.intermarche.pt/lojas/santarem/03836-ferreira-do-zezere/","True","False","True","False","39.694985","-8.302139","Intermarché Ferreira do Zêzere","AV. 13 Junho - Matana","Ferreira do Zêzere","2240-368 Ferreira do Zêzere","mecasupermercados@hotmail.com","Verão: 9h00 às 21h00 - Inverno: Segunda a Sábado: 9h00 às 20h00 - Inverno: Domingo e Feriados: 9h00 às 19h00 - ","249360030",FALSE
"Intermarché Super Golegã","8942","Golegã","https://www.intermarche.pt/lojas/santarem/07833-golega/","True","True","True","True","39.411455","-8.487965","Intermarché Golegã","Lugar da Serradora, EN 243","Golegã","2150 - 123 Golegã","pdv07833@mousquetaires.com","Segunda a Domingo: 8h30 às 20h30 - ","249976336",TRUE
"Intermarché Contact Mação","8925","Mação","https://www.intermarche.pt/lojas/santarem/04949-macao/","False","False","False","False","39.549556","-8.003833","Intermarché Mação","Rua das Lamas nº 150","Mação","6120-786 Mação","pdv04949@mousquetaires.com","Segunda a Domingo: 9h00 às 20h00 - ","241571434",FALSE
"Intermarché Contact Marinhais","8926","Marinhais","https://www.intermarche.pt/lojas/santarem/02059-marinhais/","True","False","True","False","39.049003","-8.709766","Intermarché Marinhais","Estrada Nacional 367","Marinhais","2125-120 Salvaterra de Magos","pdv02059@mousquetaires.com","De Segunda a Sexta- feira: 9h às 20h - Fim de semana e Feriados: 8h30 às 20h - ","263596924",FALSE
"Intermarché Contact Minde","8930","Minde","https://www.intermarche.pt/lojas/santarem/09942-minde/","True","False","True","False","39.518889","-8.698889","Intermarché Minde","Av. de São Sebastião Traz do Lagar","Minde","2395-104 Alcanena","pdv09942@mousquetaires.com","Segunda a Domingo: 9h00 às 20h00 - ","249848020",FALSE
"Intermarché Super Ourém","8943","Ourém","https://www.intermarche.pt/lojas/santarem/76110-ourem/","True","False","True","True","39.653796","-8.591502","Intermarché Ourém","Rua dos Namorados - C.C Vila Shopping loja 13","Ourém","2490-339 Ourém","supernove.ourem@gmail.com","Todos os dias: 9h00 às 21h00 - ","249544415",FALSE
"Intermarché Super Rio Maior","8939","Rio Maior","https://www.intermarche.pt/lojas/santarem/03507-rio-maior/","True","True","True","False","39.341482","-8.939705","Intermarché Rio Maior","Av. de Portugal","Rio Maior","2040-349 Rio Maior","pdv03507@mousquetaires.com","8h30 às 21h00 (verão) - 8h30 às 20h30 (inverno) - ","243999800",FALSE
"Intermarché Contact Salvaterra de Magos","8931","Salvaterra de Magos","https://www.intermarche.pt/lojas/santarem/05985-salvaterra-de-magos/","True","False","True","False","39.026082","-8.785625","Intermarché Salvaterra de Magos","Quinta da Pinheiroca - Estrada do Rego","Salvaterra de Magos","2120-064 Salvaterra de Magos","pdv05985@mousquetaires.com","De Segunda a Sexta- feira: 9h às 20h30 - Fim de semana e Feriados: 8h30 às 20h30 - ","263509200",FALSE
"Intermarché Super Samora Correia","44465","Samora Correia","https://www.intermarche.pt/lojas/santarem/09023-samora-correia/","True","True","True","False","38.937613","-8.858474","Intermarché Samora Correia","Quinta do Belo Jardim","Samora Correia","2135-339 Samora Correia","pdv09023@mousquetaires.com","Todos os dias: 8h30 – 21h00 - ","263247032",FALSE
"Intermarché Super Tomar","8935","Tomar","https://www.intermarche.pt/lojas/santarem/08058-tomar/","True","False","True","False","39.610407","-8.397006","Intermarché Tomar","Quinta das Gorduchas","Tomar","2300-394 Tomar","pdv08058@mousquetaires.com","Segunda a Domingo: 9h00 às 21h00 - ","249320080",FALSE
"Intermarché Super Torres Novas","8944","Torres Novas","https://www.intermarche.pt/lojas/santarem/02486-torres-novas/","True","False","True","False","39.470502","-8.534605","Intermarché Torres Novas","Cancela do Leão, lote 1","Torres Novas","2350-433 Torres Novas","itmsupertorres@gmail.com","Segunda a Sábado: 8h30 – 21h00 - Domingo: 8h30 - 20h00 - ","249830070",FALSE
"Intermarché Contact Tramagal","8932","Tramagal","https://www.intermarche.pt/lojas/santarem/05906-tramagal/","True","False","True","False","39.447441","-8.255385","Intermarché Tramagal","Estrada nacional, nº 118","Tramagal","2206-906 Abrantes","supertramagal2013@gmail.com","Segunda a Sexta: 9h00 às 20h00 - Sábado e Feriados: 9h00 às 19h00 - Domingo: 9h00 às 13h30 - ","241897298",FALSE
"Intermarché Contact Vila Nova  da Barquinha","8933","Vila Nova  da Barquinha","https://www.intermarche.pt/lojas/santarem/07550-vila-nova-da-barquinha/","True","True","True","False","39.461833","-8.452","Intermarché Vila Nova  da Barquinha","Rua Capitão Salgueiro Maia, Edificío Intermarché","Vila Nova  da Barquinha","2260-418 Vila Nova da Barquinha","interbarquinha@gmail.com","Todos os dias: 9h00 às 21h00 - ","249720810",FALSE
"Intermarché Super Alcácer do Sal","8949","Alcácer do Sal","https://www.intermarche.pt/lojas/setubal/07849-alcacer-do-sal/","True","True","True","False","38.381004","-8.514122","Intermarché Alcácer do Sal","Cerrado das Majapoas Santa Maria do Castelo","Alcácer do Sal","7580-054 Alcácer do Sal","pdv07849@mousquetaires.com","Inverno: 8h30 às 20h30 - Verão: 8h30 às 21h00 - ","265612200",FALSE
"Intermarché Super Alcochete","8950","Alcochete","https://www.intermarche.pt/lojas/setubal/01820-alcochete/","True","False","True","False","38.751184","-8.95701","Intermarché Alcochete","Rua do Láparo S/N","Alcochete","2890-110 Alcochete","pdv01820@mousquetaires.com","Inverno: 9h00 às 20h00 - Verão: 9h00 às 20h30 - ","212342359",FALSE
"Intermarché Super Alhos Vedros","61591","Alhos Vedros","https://www.intermarche.pt/lojas/setubal/09700-alhos-vedros/","False","False","True","True","38.653917","-9.026667","Intermarché Alhos Vedros","Rua Antónia da Silveira e Travessa do Mercado","Alhos Vedros","2860-043 Alhos Vedros","pdv09700@mousquetaires.com","Segunda a Domingo: 08h30 às 21h00 - ","212 496 156",FALSE
"Intermarché Super Azeitão","8946","Azeitão","https://www.intermarche.pt/lojas/setubal/08163-azeitao/","False","False","False","False","38.519678","-9.018202","Intermarché Azeitão","Rua Poeta Sebastião da Gama, 30/32 . Vila Nogueira de Azeitão","Azeitão","2925-589 Setúbal","pdv08163@mousquetaires.com","Segunda a Domingo: 9h00 às 21h00 - ","212199560",FALSE
"Intermarché Super Charneca da Caparica","8947","Charneca da Caparica","https://www.intermarche.pt/lojas/setubal/06876-charneca-da-caparica/","True","True","True","False","38.631583","-9.177428","Intermarché Charneca da Caparica","Estrada da Carcereira, nº22 - Vale Fetal","Charneca da Caparica","2820-246 Almada","sodisobreda@gmail.com","Todos os dias: 9h00 às 21h00 - ","212549150",FALSE
"Intermarché Super Fernão Ferro","50052","Fernão Ferro","https://www.intermarche.pt/lojas/setubal/09461-fernao-ferro/","True","False","True","False","38.562814","-9.074145","Intermarché Fernão Ferro","Rua da Casa Branca","Fernão Ferro","2865-015 Fernão Ferro","pdv09461@mousquetaires.com","Segunda a Sexta: 8h30 – 21h00 - Sábado e Domingo: 8h30 – 19h00 - ","210544960",FALSE
"Intermarché Super Moita","8951","Moita","https://www.intermarche.pt/lojas/setubal/07380-moita/","False","False","True","True","38.646647","-8.993598","Intermarché Moita","Rua da Classe Operaria - Quinta de Santa Rosa","Moita","2860-050 Moita","intervedros@gmail.com","Segunda a Domingo: 9h00 às 21h00 - ","212899590",FALSE
"Intermarché Super Montijo","8952","Montijo","https://www.intermarche.pt/lojas/setubal/06985-montijo/","True","False","True","False","38.710833","-8.964444","Intermarché Montijo","Rua Damião de Gois n 70","Montijo","2870-224 Montijo","pdv06985@mousquetaires.com","Segunda a Domingo: 9h00 às 20h30 - ","212324400",FALSE
"Intermarché Super Palmela","8948","Palmela","https://www.intermarche.pt/lojas/setubal/06848-palmela/","False","False","False","True","38.575277","-8.888277","Intermarché Palmela","Cabeça do Velhinho- Vale de Benções","Palmela","2950-439 Palmela","pdv06848@mousquetaires.com","Segunda a Domingo: 9h00 às 20h30 - ","212337070",TRUE
"Intermarché Super Pinhal Novo","8953","Pinhal Novo","https://www.intermarche.pt/lojas/setubal/05032-pinhal-novo/","True","False","True","False","38.635367","-8.899421","Intermarché Pinhal Novo","Lagoa da palha","Pinhal Novo","2955-009 Palmela","pdv05032@mousquetaires.com","Segunda a Domingo: 8h30 às 21h00 - ","212362215",FALSE
"Intermarché Contact Santiago do Cacém","8954","Santiago do Cacém","https://www.intermarche.pt/lojas/setubal/07080-santiago-do-cacem/","True","True","True","False","38.008121","-8.693251","Intermarché Santiago do Cacém","Lugar do Fidalgo","Santiago do Cacém","7540-113 Santiago do Cacém","pdv07080@mousquetaires.com","Segunda a Domingo: 9h00 às 21h00 - ","269827144",FALSE
"Intermarché Super Sesimbra","25768","Sesimbra","https://www.intermarche.pt/lojas/setubal/08190-sesimbra/","False","True","False","False","38.464547","-9.098295","Intermarché Sesimbra","Avenida Sérgio Vieira de Mello","Santana - Sesimbra","2970-187 Sesimbra","pdv08190@mousquetaires.com","Segunda a Domingo: 8h30 às 21h00 - ","210521620",FALSE
"Intermarché Super Setúbal","8955","Setúbal","https://www.intermarche.pt/lojas/setubal/07096-setubal/","True","False","True","True","38.537555","-8.858101","Intermarché Setúbal","Estrada nacional N10 km42,80 - Poço Mouro","Setúbal","2910-298 Setúbal","supersetubal@gmail.com","Segunda a Domingo: 8h30 às 21h00 - ","265720460",TRUE
"Intermarché Super Sines","8956","Sines","https://www.intermarche.pt/lojas/setubal/07839-sines/","True","True","True","True","37.965333","-8.858544","Intermarché Sines","Nó Rodoviário - Entrada de Sines","Sines","7520-001 Sines","pdv07839@mousquetaires.com","Segunda a Domingo: 9h00 às 21h00 - ","269636972",FALSE
"Intermarché Super Vila Nova de Santo André","8957","Vila Nova de Santo André","https://www.intermarche.pt/lojas/setubal/07840-vila-nova-de-santo-andre/","True","True","True","False","38.065305","-8.781828","Intermarché Vila Nova de Santo André","Bairro da Petrogal, Lote A1","Vila Nova de Santo André","7500-120 Vila Nova de Santo André","pdv07840@mousquetaires.com","Segunda a Domingo: 9h00 às 21h00 - ","269708630",FALSE
"Intermarché Super Âncora","8961","Âncora","https://www.intermarche.pt/lojas/viana-do-castelo/08578-ancora/","True","False","True","False","41.801625","-8.857337","Intermarché Âncora","Poço do Linho - EN 13","Vila Praia de Âncora","4910-011 Vila Praia de Âncora","pdv08578@mousquetaires.com","Segunda a Domingo: 9h00 às 20h00 - ","258959140",FALSE
"Intermarché Super Arcos de Valdevez","8962","Arcos de Valdevez","https://www.intermarche.pt/lojas/viana-do-castelo/06072-arcos-de-valdevez/","False","True","True","False","41.814234","-8.418717","Intermarché Arcos de Valdevez","Lugar de Ataúde - Paçô","Arcos de Valdevez","4970-235 Arcos de Valdevez","pdv06072@mousquetaires.com","Segunda a Domingo: 9h00 às 21h00 - ","258480090",FALSE
"Intermarché Super Areosa","8963","Areosa","https://www.intermarche.pt/lojas/viana-do-castelo/06571-areosa/","True","False","True","False","41.724191","-8.858874","Intermarché Areosa","Av. Além Rio, Bouça do Empaio","Areosa","4900-580 Viana do Castelo","superareosa@hotmail.com e pdv06571@mousquetaires.com","Segunda a Domingo: 9h00 às 20h00 - ","258808090",FALSE
"Intermarché Contact Melgaço","8958","Melgaço","https://www.intermarche.pt/lojas/viana-do-castelo/05372-melgaco/","True","False","True","False","42.10952","-8.261194","Intermarché Melgaço","Lugar do Galvão","Melgaço","4960-513 Melgaço","supermelgaco@sapo.pt","Segunda a Domingo: 9h00 às 20h00 - ","251400550",FALSE
"Intermarché Contact Paredes de Coura","8959","Paredes de Coura","https://www.intermarche.pt/lojas/viana-do-castelo/01315-paredes-de-coura/","False","False","False","False","41.912359","-8.556599","Intermarché Paredes de Coura","Campo dos Reis-Rende","Paredes de Coura","4940-533 Paredes de Coura","districoura@gmail.com","Segunda a Sábado: 9h00 às 20h00 - Domingo: 9h00 às 14h00 - ","251781017",FALSE
"Intermarché Super Ponte de Lima","8960","Ponte de Lima","https://www.intermarche.pt/lojas/viana-do-castelo/02797-ponte-de-lima/","False","False","False","True","41.754597","-8.585214","Intermarché Ponte de Lima","Rua da Cancinhola, 74 - Feitosa","Ponte de Lima","4990-348 Ponte de Lima","distrilima@gmail.com","Segunda a Domingo: 9h00 às 21h00 - ","258909660",FALSE
"Intermarché Super Valença","8964","Valença","https://www.intermarche.pt/lojas/viana-do-castelo/08738-valenca/","True","False","True","True","42.023149","-8.648166","Intermarché Valença","Costa da Ervilha","Valença","4930-632 Valença","pdv08738@mousquetaires.com","Inverno: 9h00 às 20h00 - Verão: 9h00 às 20h30 - ","251809300",FALSE
"Intermarché Super Viana do Castelo","8965","Viana do Castelo","https://www.intermarche.pt/lojas/viana-do-castelo/09099-viana-do-castelo/","True","True","True","False","41.679485","-8.766837","Intermarché Viana do Castelo","Lugar da Conchada - Mazarefes","Viana do Castelo","4935-443 Viana do Castelo","pdv09099@mousquetaires.com","Segunda a domingo: 8h30 – 20h30 (inverno) - Segunda e Domingo: 8h30 – 21h00 (verão) - ","258320010",FALSE
"Intermarché Super Alijó","8970","Alijó","https://www.intermarche.pt/lojas/vila-real/05724-alijo/","True","False","True","False","41.26963","-7.475587","Intermarché Alijó","Lugar da Tapada","Alijó","5070-090 Alijó","pdv05724@mousquetaires.com","Segunda e Domingo: 9h00 às 13h00 e das 14h30 às 20h00 - ","259950542",FALSE
"Intermarché Contact Mondim de Basto","8966","Mondim de Basto","https://www.intermarche.pt/lojas/vila-real/02217-mondim-de-basto/","True","False","True","False","41.406453","-7.95661","Intermarché Mondim de Basto","Rua da Quinta nº 183","Mondim de Basto","4880-258 Mondim de Basto","pdv02217@mousquetaires.com","Segunda a Domingo: 9h00 às 20h00 - ","255382368",FALSE
"Intermarché Contact Montalegre","8967","Montalegre","https://www.intermarche.pt/lojas/vila-real/07344-montalegre/","True","False","True","False","41.823757","-7.798296","Intermarché Montalegre","Av. Povo de Timor","Montalegre","5470-272 Montalegre","intermontalegre@outlook.pt","Segunda a Domingo: 9h00 às 20h00 - ","276510030",FALSE
"Intermarché Super Peso da Regua","8969","Peso da Regua","https://www.intermarche.pt/lojas/vila-real/07600-peso-da-regua/","True","False","True","False","41.162528","-7.803861","Intermarché Peso da Regua","Lugar do Salgueiral - Godim","Peso da Regua","5050-102 Peso da Regua","pdv07600@mousquetaires.com","8h30 às 21h00 - ","254324217",FALSE
"Intermarché Super Valpaços","8971","Valpaços","https://www.intermarche.pt/lojas/vila-real/01708-valpacos/","True","False","True","False","41.606679","-7.305462","Intermarché Valpaços","Lugar do Freixo","Valpaços","5430-424 Valpaços","pdv01708@mousquetaires.com","Segunda a Domingo: 9h00 às 13h00 e das 14h30 às 20h00 - ","278729454",FALSE
"Intermarché Contact Vila Pouca de Aguiar","8968","Vila Pouca de Aguiar","https://www.intermarche.pt/lojas/vila-real/02774-vila-pouca-de-aguiar/","True","False","True","True","41.492778","-7.645278","Intermarché Vila Pouca de Aguiar","Avenida Dr. Abílio Ribeiro - Lugar de Lameirões","Vila Pouca de Aguiar","5450-036 Vila Pouca de Aguiar","pdv02774@mousquetaires.com","De segunda a domingo: 9h00 às 20h00 - ","259417078",FALSE
"Intermarché Super Vila Real","8972","Vila Real","https://www.intermarche.pt/lojas/vila-real/05460-vila-real/","True","False","True","False","41.311272","-7.724282","Intermarché Vila Real","Quinta do Lameirão - Nossa Sª Conceição","Vila Real","5000-046 Vila Real","supervilareal@sapo.pt","Segunda a Domingo: 9h00 às 21h00 - ","259303000",FALSE
"Intermarché Contact Armamar","47599","Armamar","https://www.intermarche.pt/lojas/viseu/09081-armamar/","False","True","False","False","41.098983","-7.686172","Intermarché Armamar","Estrada Nacional 313 Travanca","Armamar","5110-166","pdv09081@mousquetaires.com","Segunda a Sexta: 9h00 às 20h00 - Sábado: 9h00 às 19h00 - Domingo: 9h30 – 13h00 / 15h00 – 19h00 - ","254249062",FALSE
"Intermarché Contact Carregal do Sal","8976","Carregal do Sal","https://www.intermarche.pt/lojas/viseu/05503-carregal-do-sal/","False","False","False","False","40.42457","-8.016061","Intermarché Carregal do Sal","Arruamento a Sul da Vila","Carregal do Sal","3430-039 Carregal do Sal","ecomarchecarregal@sapo.pt","Segunda a Domingo: 9h00 às 20h00 - ","232961830",FALSE
"Intermarché Super Castro Daire","8982","Castro Daire","https://www.intermarche.pt/lojas/viseu/05866-castro-daire/","True","False","True","True","40.897246","-7.928194","Intermarché Castro Daire","Av. 25 de Abril, nº5","Castro Daire","3600-124 Castro Daire","pdv05866@mousquetaires.com","Segunda a Domingo: 9h00 às 20h00 - ","232319120",FALSE
"Intermarché Super Cinfães","8983","Cinfães","https://www.intermarche.pt/lojas/viseu/09613-cinfaes/","True","False","True","False","41.074724","-8.09643","Intermarché Cinfães","Santo S. Sebastião","Cinfães","4690-089 Cinfães","pdv09613@mousquetaires.com","Segunda a Domingo: 9h00 às 20h00 - ","255560180",FALSE
"Intermarché Super Mangualde","8979","Mangualde","https://www.intermarche.pt/lojas/viseu/06902-mangualde/","False","False","False","False","40.6042252","-7.7714694","Intermarché Mangualde","Rua São João Bosco nº91","Mangualde","3530-137 Mangualde","intermarchemangualde@gmail.com","Segunda a domingo: 9h00 às 20h30 - ","232620300",FALSE
"Intermarché Contact Moimenta da Beira","8977","Moimenta da Beira","https://www.intermarche.pt/lojas/viseu/01209-moimenta-da-beira/","False","False","False","True","40.986389","-7.618889","Intermarché Moimenta da Beira","Covas do Bairro - Av. externato infante D. Henrique","Moimenta da Beira","3620-306 Moimenta da Beira","pdv01209@mousquetaires.com","Segunda a Domingo: 9h00 às 20h00 - ","254583510",TRUE
"Intermarché Contact Mortágua","8973","Mortágua","https://www.intermarche.pt/lojas/viseu/05423-mortagua/","True","False","True","False","40.401862","-8.224608","Intermarché Mortágua","Av. dos Bombeiros Voluntários","Mortágua","3450-122 Mortágua","supermortagua@gmail.com","Todos os dias: 8h30 às 20h00 - ","231927000",FALSE
"Intermarché Super Nelas","8984","Nelas","https://www.intermarche.pt/lojas/viseu/03498-nelas/","True","True","True","False","40.538889","-7.855278","Intermarché Nelas","Vale de Senhorim","Nelas","3520-045 Nelas","pdv03498@mousquetaires.com","Segunda a Domingo: 9h00 às 20h30 - ","232940679",FALSE
"Intermarché Super Oliveira de Frades","8985","Oliveira de Frades","https://www.intermarche.pt/lojas/viseu/06869-oliveira-de-frades/","True","False","True","False","40.720054","-8.179552","Intermarché Oliveira de Frades","Sitio dos Piteiros","Oliveira de Frades","3680-112 Oliveira de Frades","superfrades@gmail.com","Segunda a domingo: 8h00 às 20h00 - ","232762403",FALSE
"Intermarché Contact Penalva do Castelo","8978","Penalva do Castelo","https://www.intermarche.pt/lojas/viseu/08063-penalva-do-castelo/","False","False","False","False","40.669634","-7.709968","Intermarché Penalva do Castelo","Lugar do Calvario EN 329","Penalva do Castelo","3550-167 Penalva do Castelo","pdv08063@mousquetaires.com","Segunda a Domingo: 9h00 às 20h00 - ","232640090",FALSE
"Intermarché Super Rio de Loba - Viseu","8981","Rio de Loba - Viseu","https://www.intermarche.pt/lojas/viseu/06171-rio-de-loba-viseu/","True","False","True","False","40.646682","-7.872637","Intermarché Rio de Loba - Viseu","Rua da Ribeira - Póvoa de Sobrinhos","Rio de Loba - Viseu","3505-487 Viseu","superviseu@sapo.pt","Segunda a Domingo: 9h00 às 21h00 - ","232457300",FALSE
"Intermarché Contact Santa Comba Dão","8975","Santa Comba Dão","https://www.intermarche.pt/lojas/viseu/06220-santa-comba-dao/","True","False","True","False","40.4033623","-8.12943","Intermarché Santa Comba Dão","Av. Santo Estevão nº20","Santa Comba Dão","3440-323 Santa Comba Dão","supercombadao@sapo.pt","Segunda a Sábado: 8h30 às 20h30 - Domingo: 8h30 às 20h00 - ","232882126",FALSE
"Intermarché Contact São João da Pesqueira","59846","São João da Pesqueira","https://www.intermarche.pt/lojas/viseu/09650-sao-joao-da-pesqueira/","True","False","True","False","41.145566581944635","-7.411353795064429","Intermarché São João da Pesqueira","Avenida João do Nascimento Costa","São João Da Pesqueira","5130-369","pdv09650@mousquetaires.com","De Segunda a Sábado: 9h00 às 13h00 e das 14h30 às 19h30 (inverno) - De Segunda a Sábado: 9h00 às 20h00 (verão) - Domingos e feriados: 9h00 às 13h00 e das 14h30 às 19h30 (todo o ano) - ","254 247 240",FALSE
"Intermarché Contact São Pedro do Sul","8974","São Pedro do Sul","https://www.intermarche.pt/lojas/viseu/01211-sao-pedro-do-sul/","True","False","True","False","40.753638","-8.070048","Intermarché São Pedro do Sul","Quinta da casa da Pedra Azul","São Pedro do Sul","3660-683 São Pedro do Sul","distripedro@gmail.com","Segunda a domingo: 8h30 às 21h00 (verão) - Segunda a domingo: 9h00 às 20h00 (inverno) - ","232720330",FALSE
"Intermarché Super Sátão","8986","Sátão","https://www.intermarche.pt/lojas/viseu/08174-satao/","True","False","True","False","40.745006","-7.736446","Intermarché Sátão","Rua Cidade de lescar","Sátão","3560-196 Sátão","pdv08174@mousquetaires.com","Segunda a Domingo: 8h30 às 20h30 - ","232980110",FALSE
"Intermarché Super Tondela","8980","Tondela","https://www.intermarche.pt/lojas/viseu/07920-tondela/","False","False","False","False","40.520467","-8.085648","Intermarché Tondela","Av. D. Branca Colaço nº 210","Tondela","3460-546 Tondela","pdv07920@mousquetaires.com","Segunda a Domingo: 8h30 às 20h30 - ","232813652",FALSE
